id,author,geometry,pressure [MPa],mass_flux [kg/m2-s],x_e_out [-],D_e [mm],D_h [mm],length [mm],chf_exp [MW/m2]
899,Thompson,tube,13.79,4259,0.0406,4.7,4.7,318,4.0
245,Thompson,tube,6.89,5778,-0.0251,10.3,10.3,762,5.0
711,Thompson,tube,12.07,3811,-0.0039,1.9,1.9,152,4.1
1191,Thompson,tube,18.27,2753,-0.0601,3.0,3.0,150,1.7
721,Thompson,tube,12.07,4001,-0.0442,1.9,1.9,696,3.6
417,Thompson,tube,6.89,3811,0.0129,12.8,12.8,1930,3.2
803,Thompson,tube,13.79,4136,0.0684,4.6,4.6,295,3.0
1468,Beus,annulus,15.51,3690,-0.0943,5.6,15.2,2134,2.7
600,Thompson,tube,10.34,3960,-0.1088,10.3,10.3,762,5.7
1736,Janssen,annulus,6.94,2807,0.0625,6.4,15.9,914,3.2
644,Thompson,tube,10.34,7893,-0.1713,10.3,10.3,762,9.2
1387,Weatherhead,tube,13.79,350,-0.0744,11.1,11.1,457,2.8
1357,Weatherhead,tube,13.79,1370,-0.0665,11.1,11.1,457,2.5
251,Thompson,tube,6.89,6049,-0.0591,10.3,10.3,762,6.5
1740,Janssen,annulus,6.89,2794,-0.0007,6.4,15.9,914,4.0
1218,Thompson,tube,18.96,2862,-0.3155,1.9,1.9,696,2.8
1636,Janssen,annulus,5.51,1478,0.0196,12.7,42.3,1778,4.3
463,Thompson,tube,6.89,7405,-0.1178,23.6,23.6,610,8.0
382,Thompson,tube,6.89,4069,0.1758,11.5,11.5,2007,2.2
1252,Weatherhead,tube,13.79,1994,-0.2387,7.7,7.7,457,5.1
1091,Thompson,tube,13.79,1899,0.1008,7.8,7.8,591,2.0
1728,Janssen,annulus,6.89,2319,-0.0456,12.7,38.1,914,4.8
846,Thompson,tube,13.79,746,0.0782,4.7,4.7,318,1.2
1263,Weatherhead,tube,13.79,1655,-0.1689,7.7,7.7,457,4.5
612,Thompson,tube,10.34,4842,-0.1218,10.3,10.3,762,6.7
1084,Thompson,tube,13.79,1709,-0.0309,7.8,7.8,591,2.5
821,Thompson,tube,13.79,1533,0.1692,4.7,4.7,305,2.0
744,Thompson,tube,13.79,3119,-0.05,1.9,1.9,152,5.5
1317,Weatherhead,tube,13.79,658,0.1802,7.7,7.7,457,2.3
1365,Weatherhead,tube,13.79,686,-0.0446,11.1,11.1,457,2.9
183,Thompson,tube,7.34,2061,0.2006,5.6,5.6,432,4.6
171,Thompson,tube,6.89,6279,0.0465,4.7,4.7,318,5.8
293,Thompson,tube,6.89,6795,-0.062,10.3,10.3,794,6.9
480,Thompson,tube,6.89,2712,0.1152,23.6,23.6,1972,2.0
515,Thompson,tube,6.89,1370,0.0211,37.5,37.5,1953,3.3
301,Thompson,tube,6.89,7690,-0.0569,10.3,10.3,794,8.0
1757,Janssen,annulus,6.92,5520,-0.0251,12.7,38.1,914,4.3
1488,Beus,annulus,13.79,1354,0.0568,5.6,15.2,2134,1.8
1546,Janssen,annulus,6.85,2265,0.08,8.5,22.3,2743,3.6
1720,Janssen,annulus,6.89,2767,-0.0512,12.7,38.1,914,4.5
1799,Mortimore,annulus,13.79,677,0.0692,5.0,13.3,2134,1.3
1512,Beus,annulus,8.27,2730,0.0539,5.6,15.2,2134,2.6
1074,Thompson,tube,13.79,1410,-0.001,7.8,7.8,591,2.6
1554,Janssen,annulus,6.89,1519,0.1932,8.5,22.3,1829,2.2
372,Thompson,tube,6.89,4056,0.1835,10.8,10.8,3048,2.1
1243,Weatherhead,tube,13.79,2007,-0.2252,7.7,7.7,457,5.1
825,Thompson,tube,13.79,2740,-0.1534,4.7,4.7,305,5.2
1343,Weatherhead,tube,13.79,1344,-0.3176,11.1,11.1,457,3.9
1650,Janssen,annulus,9.51,2292,-0.025,12.7,42.3,1778,3.9
608,Thompson,tube,10.34,4828,-0.1209,10.3,10.3,762,6.7
176,Thompson,tube,6.96,2061,0.0716,5.6,5.6,216,6.4
947,Thompson,tube,13.79,5249,-0.0616,5.7,5.7,625,5.0
737,Thompson,tube,13.79,2428,-0.0412,1.9,1.9,152,4.6
589,Thompson,tube,10.34,3716,-0.0207,10.3,10.3,762,3.9
681,Thompson,tube,11.0,1356,0.1742,11.5,11.5,1524,2.3
335,Thompson,tube,6.86,4096,-0.044,10.8,10.8,432,5.2
809,Thompson,tube,13.79,4855,0.014,4.6,4.6,295,3.6
1352,Weatherhead,tube,13.79,1344,-0.3121,11.1,11.1,457,4.1
1787,Janssen,annulus,6.85,3038,0.0254,8.5,24.6,1778,3.9
1790,Janssen,annulus,6.89,3038,0.0175,8.5,24.6,1778,4.3
1563,Janssen,annulus,6.91,2346,0.1162,8.5,22.3,1829,2.5
1613,Janssen,annulus,6.89,2292,0.0448,12.7,42.3,1778,3.9
530,Thompson,tube,6.89,2726,-0.0765,37.5,37.5,1953,3.6
199,Thompson,tube,6.89,4069,0.0518,5.6,5.6,432,5.7
16,Peskov,tube,14.0,3056,0.0323,10.0,10.0,890,2.0
266,Thompson,tube,6.89,7961,-0.0825,10.3,10.3,762,7.6
597,Thompson,tube,10.34,3947,-0.0721,10.3,10.3,762,4.8
965,Thompson,tube,13.79,705,0.0818,7.7,7.7,457,2.3
1573,Janssen,annulus,6.89,1519,0.1271,12.7,42.3,2743,2.6
1302,Weatherhead,tube,13.79,913,0.1679,7.7,7.7,457,1.7
1524,Janssen,annulus,6.79,1132,0.1894,8.5,22.3,2591,1.8
1631,Janssen,annulus,5.54,1519,0.1055,12.7,42.3,1778,3.2
1164,Thompson,tube,17.24,2848,-0.1761,1.9,1.9,152,6.1
800,Thompson,tube,13.79,4069,0.0863,4.6,4.6,295,2.7
1121,Thompson,tube,13.79,1763,0.1968,10.5,10.5,1829,1.0
483,Thompson,tube,6.89,2712,-0.0449,23.6,23.6,1972,3.4
200,Thompson,tube,6.89,4069,0.0518,5.6,5.6,432,5.7
932,Thompson,tube,13.79,7364,-0.4477,4.7,4.7,318,14.8
1129,Thompson,tube,15.51,2319,-0.0601,1.9,1.9,152,3.8
1823,Kossolapov,plate,0.1,1277,-0.0929,15.0,120.0,10,9.3
1059,Thompson,tube,13.79,1035,0.072,7.8,7.8,591,2.3
705,Thompson,tube,12.07,3201,-0.0404,1.9,1.9,152,5.2
1605,Janssen,annulus,6.9,1519,0.0036,12.7,42.3,1778,4.6
1212,Thompson,tube,18.96,3499,-0.2057,1.9,1.9,152,4.5
746,Thompson,tube,13.79,3146,-0.0238,1.9,1.9,152,4.2
1704,Janssen,annulus,6.89,2306,0.1011,4.6,11.3,1778,1.9
1572,Janssen,annulus,6.87,1519,0.1481,12.7,42.3,2743,2.2
1710,Janssen,annulus,6.89,5913,0.0211,12.7,38.1,737,3.5
1404,Williams,tube,13.79,2704,-0.0154,9.5,9.5,1836,3.2
311,Thompson,tube,7.14,1858,0.0005,10.8,10.8,216,4.7
57,Thompson,tube,3.76,2875,0.0281,4.6,4.6,229,8.8
818,Thompson,tube,13.79,1424,0.1125,4.7,4.7,305,2.5
1449,Beus,annulus,13.79,2729,0.0908,5.6,15.2,2134,1.9
1206,Thompson,tube,18.96,2726,-0.091,1.9,1.9,152,3.8
638,Thompson,tube,10.34,7731,-0.1223,10.3,10.3,762,7.7
1593,Janssen,annulus,6.82,1166,0.1743,12.7,42.3,2743,2.1
44,Thompson,tube,0.1,1967,0.1405,1.7,1.7,64,8.3
101,Thompson,tube,3.45,5940,0.0209,10.3,10.3,762,4.6
275,Thompson,tube,6.89,4611,-0.0029,10.3,10.3,794,4.4
1304,Weatherhead,tube,13.79,956,-0.2253,7.7,7.7,457,3.6
354,Thompson,tube,6.96,4096,-0.0415,10.8,10.8,864,5.4
102,Thompson,tube,3.45,5954,0.0206,10.3,10.3,762,4.6
1028,Thompson,tube,13.79,2007,-0.0668,7.7,7.7,457,3.6
1805,Mortimore,annulus,13.79,3637,-0.0345,5.0,13.3,2134,2.2
108,Thompson,tube,3.45,7893,-0.0071,10.3,10.3,762,4.8
1765,Janssen,annulus,6.89,549,0.1723,12.7,38.1,737,2.7
1846,Richenderfer,plate,0.2,2000,-0.0193,15.0,120.0,10,6.1
807,Thompson,tube,13.79,4367,0.018,4.6,4.6,295,3.7
1006,Thompson,tube,13.79,1614,0.134,7.7,7.7,457,1.6
783,Thompson,tube,13.79,3445,0.0669,4.6,4.6,295,2.1
1518,Janssen,annulus,6.85,1614,0.129,8.5,22.3,2591,2.6
778,Thompson,tube,13.79,3404,0.0748,4.6,4.6,295,1.7
427,Thompson,tube,6.89,2495,0.0502,22.2,22.2,610,3.2
1034,Thompson,tube,13.79,2550,0.0628,7.7,7.7,457,2.3
1209,Thompson,tube,18.96,3377,-0.1556,1.9,1.9,152,4.3
129,Thompson,tube,3.69,4055,0.0817,10.8,10.8,864,4.2
539,Thompson,tube,6.89,5466,-0.0664,37.5,37.5,1953,4.9
1143,Thompson,tube,15.51,2102,-0.044,1.9,1.9,696,2.1
496,Thompson,tube,6.89,5357,0.055,23.6,23.6,1972,2.4
1384,Weatherhead,tube,13.79,340,0.0799,11.1,11.1,457,2.7
1536,Janssen,annulus,6.86,1519,0.1388,8.5,22.3,2743,3.0
1207,Thompson,tube,18.96,2740,-0.2631,1.9,1.9,152,4.6
1540,Janssen,annulus,6.89,2278,0.1832,8.5,22.3,2743,1.9
482,Thompson,tube,6.89,2712,-0.0089,23.6,23.6,1972,3.0
1454,Beus,annulus,11.03,3701,0.0833,5.6,15.2,2134,1.9
1597,Janssen,annulus,6.89,1519,0.159,12.7,42.3,1778,2.7
904,Thompson,tube,13.79,4787,-0.0398,4.7,4.7,318,5.4
1407,Williams,tube,13.79,1339,0.1114,9.5,9.5,1836,1.4
1232,Weatherhead,tube,13.79,2590,0.0334,7.7,7.7,457,2.7
678,Thompson,tube,11.07,4069,0.0639,11.5,11.5,1143,2.5
1294,Weatherhead,tube,13.79,1383,0.0027,7.7,7.7,457,2.7
1855,Richenderfer,plate,0.51,2000,-0.0204,15.0,120.0,10,8.0
652,Thompson,tube,11.0,2034,0.0783,11.5,11.5,914,2.6
1436,Williams,tube,15.17,2699,0.1038,9.5,9.5,1836,1.6
1434,Williams,tube,15.17,1340,0.1712,9.5,9.5,1836,0.9
1248,Weatherhead,tube,13.79,2034,0.0226,7.7,7.7,457,2.7
756,Thompson,tube,13.79,3174,-0.0577,1.9,1.9,696,3.0
1761,Janssen,annulus,9.71,5561,-0.0298,12.7,38.1,914,3.9
1019,Thompson,tube,13.79,1682,-0.0276,7.7,7.7,457,3.2
406,Thompson,tube,6.89,2699,0.0463,12.8,12.8,1930,3.0
713,Thompson,tube,12.07,4042,0.0141,1.9,1.9,152,5.2
1482,Beus,annulus,13.79,3679,-0.0394,5.6,15.2,2134,2.6
310,Thompson,tube,6.86,1858,0.0129,10.8,10.8,216,4.7
227,Thompson,tube,6.89,3825,0.0051,10.3,10.3,762,3.9
1618,Janssen,annulus,4.13,1519,0.1272,12.7,42.3,1778,3.2
998,Thompson,tube,13.79,1383,0.0876,7.7,7.7,457,2.3
1430,Williams,tube,15.17,1345,0.14,9.5,9.5,1836,1.1
728,Thompson,tube,12.41,542,0.1725,19.8,19.8,610,2.0
1470,Beus,annulus,15.51,1355,0.0426,5.6,15.2,2134,1.3
149,Thompson,tube,6.93,2224,0.1531,4.6,4.6,229,4.8
583,Thompson,tube,11.03,2034,0.1181,9.3,9.3,1524,2.6
629,Thompson,tube,10.34,5967,-0.1428,10.3,10.3,762,7.7
887,Thompson,tube,13.79,3472,-0.1261,4.7,4.7,318,5.7
1756,Janssen,annulus,6.89,5547,-0.0042,12.7,38.1,914,3.9
1165,Thompson,tube,17.24,2848,-0.0045,1.9,1.9,152,4.2
615,Thompson,tube,10.34,4855,-0.118,10.3,10.3,762,6.8
1707,Janssen,annulus,6.92,2292,0.0497,4.6,11.3,1778,2.6
1254,Weatherhead,tube,13.79,1655,-0.1762,7.7,7.7,457,4.3
1088,Thompson,tube,13.79,1777,0.0619,7.8,7.8,591,2.1
839,Thompson,tube,13.79,3580,0.0827,4.7,4.7,305,3.2
287,Thompson,tube,6.89,6266,-0.0283,10.3,10.3,794,5.2
1775,Janssen,annulus,6.89,825,0.1234,12.7,38.1,737,2.9
842,Thompson,tube,13.79,4164,0.0468,4.7,4.7,305,3.1
1361,Weatherhead,tube,13.79,1078,0.1698,11.1,11.1,457,1.3
1532,Janssen,annulus,6.89,1533,0.2047,8.5,22.3,2743,2.2
1487,Beus,annulus,13.79,1409,-0.082,5.6,15.2,2134,1.5
1555,Janssen,annulus,6.89,1519,0.1819,8.5,22.3,1829,2.5
1443,Beus,annulus,15.51,1349,0.2195,5.6,15.2,2134,1.0
911,Thompson,tube,13.79,5221,-0.3273,4.7,4.7,318,9.5
1667,Janssen,annulus,6.99,382,0.1759,22.2,96.3,1778,2.6
1504,Beus,annulus,11.03,671,0.232,5.6,15.2,2134,1.6
939,Thompson,tube,13.79,1316,-0.1121,5.7,5.7,625,3.4
675,Thompson,tube,11.0,3404,0.0788,11.5,11.5,1143,2.2
940,Thompson,tube,13.79,1316,-0.1186,5.7,5.7,625,3.4
702,Thompson,tube,12.07,2590,-0.0518,1.9,1.9,152,4.5
1325,Weatherhead,tube,13.79,1926,-0.2295,11.1,11.1,457,3.9
1616,Janssen,annulus,6.91,1519,-0.0361,12.7,42.3,1778,5.1
494,Thompson,tube,6.89,3825,-0.0414,23.6,23.6,1972,3.7
1229,Weatherhead,tube,13.79,2712,-0.0638,7.7,7.7,457,4.1
278,Thompson,tube,6.89,5221,-0.0386,10.3,10.3,794,5.9
1722,Janssen,annulus,6.92,2767,-0.0924,12.7,38.1,914,4.9
359,Thompson,tube,6.86,4056,0.0043,10.8,10.8,864,4.3
1038,Thompson,tube,13.79,2604,0.0214,7.7,7.7,457,2.7
237,Thompson,tube,6.89,4055,-0.0329,10.3,10.3,762,4.9
552,Thompson,tube,9.0,4069,0.0637,11.5,11.5,1524,2.4
1742,Janssen,annulus,6.89,2807,-0.0329,6.4,15.9,914,4.3
1359,Weatherhead,tube,13.79,1397,0.0392,11.1,11.1,457,1.8
209,Thompson,tube,6.89,2495,0.1088,8.0,8.0,610,4.2
1291,Weatherhead,tube,13.79,1370,-0.2599,7.7,7.7,457,4.5
1864,Richenderfer,plate,1.01,2000,-0.0218,15.0,120.0,10,10.9
59,Thompson,tube,3.93,3865,0.1332,5.6,5.6,216,7.2
1484,Beus,annulus,13.79,2719,-0.015,5.6,15.2,2134,2.0
1477,Beus,annulus,13.79,1364,0.2147,5.6,15.2,2134,0.9
364,Thompson,tube,6.62,4032,0.1423,10.8,10.8,1727,2.4
967,Thompson,tube,13.79,739,-0.1756,7.7,7.7,457,3.5
1734,Janssen,annulus,6.85,2807,0.1136,6.4,15.9,914,2.8
1245,Weatherhead,tube,13.79,2021,-0.0991,7.7,7.7,457,4.0
1822,Kossolapov,plate,0.1,912,-0.0929,15.0,120.0,10,8.8
1138,Thompson,tube,15.51,3024,-0.1124,1.9,1.9,152,6.6
917,Thompson,tube,13.79,5574,-0.4486,4.7,4.7,318,12.7
860,Thompson,tube,13.79,1397,0.1418,4.7,4.7,318,2.3
994,Thompson,tube,13.79,1370,0.0111,7.7,7.7,457,2.7
119,Thompson,tube,3.86,4069,-0.0237,10.8,10.8,432,5.5
1241,Weatherhead,tube,13.79,2563,0.064,7.7,7.7,457,2.3
1092,Thompson,tube,13.79,2007,0.0733,7.8,7.8,591,2.2
523,Thompson,tube,6.89,1912,0.118,37.5,37.5,1953,2.3
514,Thompson,tube,6.89,1356,-0.0303,37.5,37.5,1953,3.5
82,Thompson,tube,3.45,3811,0.1494,10.3,10.3,762,4.4
1395,Williams,tube,11.03,2680,0.0912,9.5,9.5,1836,2.4
1694,Janssen,annulus,6.89,1533,0.0972,8.5,24.6,1778,3.1
381,Thompson,tube,6.96,4069,0.1227,11.5,11.5,1727,2.4
1664,Janssen,annulus,6.78,388,0.2032,22.2,96.3,1778,2.3
85,Thompson,tube,3.45,3811,0.1494,10.3,10.3,762,4.4
1570,Janssen,annulus,6.92,1519,0.1064,12.7,42.3,2711,3.2
330,Thompson,tube,6.72,4001,-0.0801,10.8,10.8,432,5.8
1820,Kossolapov,plate,0.1,2078,-0.1392,15.0,120.0,10,14.7
1169,Thompson,tube,17.24,3445,-0.0077,1.9,1.9,152,4.9
680,Thompson,tube,11.07,1356,0.204,11.5,11.5,1524,2.4
1537,Janssen,annulus,6.87,1505,0.1537,8.5,22.3,2743,3.2
1324,Weatherhead,tube,13.79,1831,0.0928,11.1,11.1,457,1.8
452,Thompson,tube,6.89,2699,-0.1859,23.6,23.6,610,5.5
491,Thompson,tube,6.89,3784,0.0253,23.6,23.6,1972,2.5
1382,Weatherhead,tube,13.79,332,0.1583,11.1,11.1,457,2.6
288,Thompson,tube,6.89,6279,-0.0482,10.3,10.3,794,6.8
1329,Weatherhead,tube,13.79,1994,-0.0179,11.1,11.1,457,2.5
1851,Richenderfer,plate,0.51,1500,-0.0102,15.0,120.0,10,7.2
1274,Weatherhead,tube,13.79,1397,-0.2653,7.7,7.7,457,4.5
671,Thompson,tube,11.03,3391,0.099,11.5,11.5,1143,1.8
694,Thompson,tube,12.07,2306,-0.0229,1.9,1.9,152,3.2
1774,Janssen,annulus,6.92,555,0.0886,12.7,38.1,737,4.3
1481,Beus,annulus,13.79,1355,0.1538,5.6,15.2,2134,1.1
810,Thompson,tube,13.79,4855,0.0108,4.6,4.6,295,3.6
1010,Thompson,tube,13.79,1655,0.0929,7.7,7.7,457,1.9
1545,Janssen,annulus,6.85,2265,0.1017,8.5,22.3,2743,3.3
328,Thompson,tube,6.79,3838,-0.0188,10.8,10.8,432,3.9
1462,Beus,annulus,15.51,2707,0.107,5.6,15.2,2134,1.5
1030,Thompson,tube,13.79,2021,-0.0991,7.7,7.7,457,4.0
999,Thompson,tube,13.79,1383,0.1503,7.7,7.7,457,1.5
950,Thompson,tube,13.79,5262,-0.1054,5.7,5.7,625,5.9
773,Thompson,tube,13.79,2523,0.15,4.6,4.6,295,2.1
178,Thompson,tube,6.93,3323,0.1178,5.6,5.6,216,4.9
1665,Janssen,annulus,6.92,381,0.1594,22.2,96.3,1778,2.9
621,Thompson,tube,10.34,5601,-0.0483,10.3,10.3,762,5.2
87,Thompson,tube,3.45,3879,0.146,10.3,10.3,762,4.4
1453,Beus,annulus,13.79,2722,0.0409,5.6,15.2,2134,2.3
1770,Janssen,annulus,6.89,553,0.1253,12.7,38.1,737,3.1
458,Thompson,tube,6.89,3825,-0.1479,23.6,23.6,610,5.9
55,Thompson,tube,3.76,2767,0.0892,4.6,4.6,229,8.0
1403,Williams,tube,13.79,1396,0.0627,9.5,9.5,1836,1.8
222,Thompson,tube,6.89,3662,0.0491,10.3,10.3,762,3.1
114,Thompson,tube,3.9,2034,0.1113,10.8,10.8,432,5.7
1068,Thompson,tube,13.79,1286,0.0868,7.8,7.8,591,2.1
1813,Mortimore,annulus,8.27,679,0.2073,5.0,13.3,2134,1.3
1205,Thompson,tube,18.96,2726,-0.3964,1.9,1.9,152,5.1
175,Thompson,tube,6.89,2061,0.0829,5.6,5.6,216,6.6
1369,Weatherhead,tube,13.79,674,0.0808,11.1,11.1,457,1.9
590,Thompson,tube,10.34,3757,-0.0172,10.3,10.3,762,4.0
1459,Beus,annulus,11.03,2730,0.0901,5.6,15.2,2134,2.1
19,Peskov,tube,16.0,1617,-0.03,10.0,10.0,890,1.7
424,Thompson,tube,6.89,7269,0.1006,12.8,12.8,1930,2.4
1250,Weatherhead,tube,13.79,2034,0.0936,7.7,7.7,457,1.8
286,Thompson,tube,6.89,6212,-0.0268,10.3,10.3,794,5.2
1852,Richenderfer,plate,0.51,1500,-0.0204,15.0,120.0,10,7.3
429,Thompson,tube,6.89,2265,0.0262,23.5,23.5,610,3.2
1627,Janssen,annulus,4.13,753,0.175,12.7,42.3,1778,3.4
1491,Beus,annulus,13.79,1349,-0.1462,5.6,15.2,2134,2.4
32,Thompson,tube,0.1,1370,0.1293,1.0,1.0,38,5.5
1134,Thompson,tube,15.51,2957,0.0155,1.9,1.9,152,4.2
1700,Janssen,annulus,6.89,3052,0.061,4.6,11.3,1778,2.5
215,Thompson,tube,7.03,4069,0.0666,9.3,9.3,1359,3.3
1356,Weatherhead,tube,13.79,1356,-0.1204,11.1,11.1,457,2.8
327,Thompson,tube,6.89,3513,0.0823,10.8,10.8,432,3.5
561,Thompson,tube,10.51,2428,0.0535,4.6,4.6,229,4.6
1321,Weatherhead,tube,13.79,1994,-0.0123,11.1,11.1,457,2.6
1342,Weatherhead,tube,13.79,1763,0.1169,11.1,11.1,457,1.6
1113,Thompson,tube,13.79,2767,0.0857,7.8,7.8,591,2.3
342,Thompson,tube,7.0,3770,0.0534,10.8,10.8,864,3.2
630,Thompson,tube,10.34,5995,-0.1403,10.3,10.3,762,7.8
148,Thompson,tube,6.89,1410,0.1361,4.6,4.6,229,6.6
361,Thompson,tube,7.03,4059,0.0424,10.8,10.8,864,3.2
84,Thompson,tube,3.45,3811,0.145,10.3,10.3,762,4.3
49,Thompson,tube,3.45,1492,0.0049,3.6,3.6,76,8.4
469,Thompson,tube,6.89,1899,0.1388,23.6,23.6,1972,2.2
156,Thompson,tube,7.26,2590,0.0567,4.6,4.6,229,5.7
1327,Weatherhead,tube,13.79,2007,-0.0766,11.1,11.1,457,3.1
1306,Weatherhead,tube,13.79,929,-0.0202,7.7,7.7,457,2.7
1125,Thompson,tube,15.51,2156,-0.0258,1.9,1.9,152,3.8
1525,Janssen,annulus,6.89,1533,0.2043,8.5,22.3,2743,2.0
501,Thompson,tube,6.89,7215,0.0404,23.6,23.6,1972,2.7
180,Thompson,tube,6.93,3852,0.0363,5.6,5.6,216,5.8
1284,Weatherhead,tube,13.79,1383,0.0876,7.7,7.7,457,2.3
1696,Janssen,annulus,6.85,1533,0.0635,8.5,24.6,1778,3.6
924,Thompson,tube,13.79,6212,-0.0762,4.7,4.7,318,6.3
772,Thompson,tube,13.79,2523,0.1538,4.6,4.6,295,2.1
1841,Richenderfer,plate,0.2,1000,-0.0385,15.0,120.0,10,5.2
529,Thompson,tube,6.89,2726,0.0648,37.5,37.5,1953,2.3
347,Thompson,tube,6.89,4069,0.0212,10.8,10.8,864,4.1
1351,Weatherhead,tube,13.79,1200,0.1597,11.1,11.1,457,1.4
1826,Kossolapov,plate,0.1,882,-0.0466,15.0,120.0,10,5.2
874,Thompson,tube,13.79,2699,0.1274,4.7,4.7,318,2.7
986,Thompson,tube,13.79,1351,-0.1184,7.7,7.7,457,3.6
1174,Thompson,tube,17.24,2089,-0.1205,1.9,1.9,696,2.1
602,Thompson,tube,10.34,3960,-0.0557,10.3,10.3,762,5.1
949,Thompson,tube,13.79,5262,-0.3732,5.7,5.7,625,8.4
244,Thompson,tube,6.89,5723,-0.0269,10.3,10.3,762,4.9
1811,Mortimore,annulus,11.03,1352,0.1628,5.0,13.3,2134,1.1
1465,Beus,annulus,15.51,3670,-0.0279,5.6,15.2,2134,2.2
1377,Weatherhead,tube,13.79,660,-0.0916,11.1,11.1,457,2.8
313,Thompson,tube,6.86,2034,-0.0875,10.8,10.8,216,6.0
436,Thompson,tube,6.89,949,0.0229,23.6,23.6,610,4.0
1769,Janssen,annulus,6.89,549,0.1695,12.7,38.1,737,2.6
819,Thompson,tube,13.79,1462,0.2027,4.7,4.7,305,2.0
309,Thompson,tube,7.0,1017,0.1133,10.8,10.8,216,4.6
431,Thompson,tube,6.89,2319,-0.0134,23.5,23.5,610,3.4
661,Thompson,tube,11.07,4069,0.0498,11.5,11.5,914,2.9
371,Thompson,tube,6.72,4077,0.0685,10.8,10.8,1727,2.8
567,Thompson,tube,11.03,2034,-0.0488,9.3,9.3,305,4.5
856,Thompson,tube,13.79,1085,0.0648,4.7,4.7,318,2.0
182,Thompson,tube,7.0,2061,0.1894,5.6,5.6,432,4.4
1326,Weatherhead,tube,13.79,1953,-0.1431,11.1,11.1,457,3.6
622,Thompson,tube,10.34,5696,-0.0518,10.3,10.3,762,5.2
722,Thompson,tube,12.07,4028,-0.0305,1.9,1.9,696,3.7
1424,Williams,tube,13.79,2776,0.1476,9.5,9.5,1836,1.1
1422,Williams,tube,13.79,2731,0.1583,9.5,9.5,1836,1.1
1716,Janssen,annulus,6.89,2767,0.0108,12.7,38.1,914,3.6
297,Thompson,tube,6.89,6971,-0.0614,10.3,10.3,794,7.1
793,Thompson,tube,13.79,3906,0.0711,4.6,4.6,295,2.5
462,Thompson,tube,6.89,5479,-0.11,23.6,23.6,610,6.4
1272,Weatherhead,tube,13.79,1336,-0.159,7.7,7.7,457,3.6
1624,Janssen,annulus,4.13,2265,0.0721,12.7,42.3,1778,4.1
378,Thompson,tube,6.93,4069,0.0989,11.5,11.5,1727,2.7
1031,Thompson,tube,13.79,2034,-0.1488,7.7,7.7,457,4.5
106,Thompson,tube,3.45,7893,-0.0071,10.3,10.3,762,4.8
127,Thompson,tube,3.9,3974,0.1316,10.8,10.8,864,3.9
1058,Thompson,tube,13.79,1021,0.1212,7.8,7.8,591,2.1
1569,Janssen,annulus,6.89,1546,0.1225,12.7,42.3,2711,2.5
356,Thompson,tube,6.86,2010,0.1754,10.8,10.8,841,2.9
1513,Beus,annulus,8.27,1354,0.0749,5.6,15.2,2134,2.5
683,Thompson,tube,11.03,2672,0.0839,11.5,11.5,1524,2.7
716,Thompson,tube,12.07,2455,-0.0564,1.9,1.9,696,2.2
1080,Thompson,tube,13.79,1505,0.0675,7.8,7.8,591,2.3
210,Thompson,tube,6.89,2563,0.0606,8.0,8.0,610,4.7
811,Thompson,tube,13.79,4977,0.0183,4.6,4.6,295,3.6
141,Thompson,tube,6.89,1316,-0.0416,3.6,3.6,76,8.0
1340,Weatherhead,tube,13.79,2048,0.0295,11.1,11.1,457,2.2
1246,Weatherhead,tube,13.79,2007,-0.0668,7.7,7.7,457,3.6
1170,Thompson,tube,17.24,3580,-0.0443,1.9,1.9,152,5.4
1474,Beus,annulus,15.51,671,0.1771,5.6,15.2,2134,1.1
1024,Thompson,tube,13.79,1980,-0.0158,7.7,7.7,457,3.1
786,Thompson,tube,13.79,3486,0.067,4.6,4.6,295,3.1
712,Thompson,tube,12.07,4042,-0.0058,1.9,1.9,152,4.7
1182,Thompson,tube,18.27,861,-0.1224,3.0,3.0,35,2.2
760,Thompson,tube,13.79,3933,-0.0659,1.9,1.9,696,3.7
755,Thompson,tube,13.79,2699,-0.0833,1.9,1.9,696,2.5
11,Peskov,tube,12.0,4986,-0.0629,10.0,10.0,1000,4.0
1782,Janssen,annulus,6.89,826,-0.0813,12.7,38.1,737,5.5
1051,Thompson,tube,13.79,685,0.1034,7.8,7.8,591,2.3
283,Thompson,tube,6.89,5723,-0.0553,10.3,10.3,794,6.0
292,Thompson,tube,6.89,6618,-0.0534,10.3,10.3,794,7.0
627,Thompson,tube,10.34,5940,-0.1491,10.3,10.3,762,7.5
1122,Thompson,tube,15.51,2034,-0.0123,1.9,1.9,152,3.1
757,Thompson,tube,13.79,3282,-0.0669,1.9,1.9,696,3.1
130,Thompson,tube,3.72,4055,0.0804,10.8,10.8,864,4.2
1101,Thompson,tube,13.79,2184,0.0839,7.8,7.8,591,2.3
324,Thompson,tube,6.72,2034,0.0069,10.8,10.8,432,4.6
1393,Williams,tube,8.27,4027,0.1282,9.5,9.5,1836,2.0
1690,Janssen,annulus,6.92,1519,0.1988,8.5,24.6,1778,2.0
905,Thompson,tube,13.79,4882,-0.1193,4.7,4.7,318,6.7
1739,Janssen,annulus,6.89,2807,0.0135,6.4,15.9,914,3.9
1044,Thompson,tube,13.79,2658,0.0081,7.7,7.7,457,3.2
768,Thompson,tube,13.79,5791,0.0136,3.6,3.6,76,5.0
696,Thompson,tube,12.07,2373,-0.0198,1.9,1.9,152,4.0
1666,Janssen,annulus,6.89,385,0.1989,22.2,96.3,1778,2.0
937,Thompson,tube,13.79,1313,0.0486,5.7,5.7,625,2.4
159,Thompson,tube,7.14,2889,-0.1257,4.6,4.6,229,8.9
865,Thompson,tube,13.79,1804,-0.0858,4.7,4.7,318,3.2
635,Thompson,tube,10.34,7378,-0.0684,10.3,10.3,762,6.2
517,Thompson,tube,6.89,1383,0.0067,37.5,37.5,1953,3.3
1331,Weatherhead,tube,13.79,1899,0.0636,11.1,11.1,457,1.8
598,Thompson,tube,10.34,3947,-0.0663,10.3,10.3,762,4.9
196,Thompson,tube,6.86,4069,0.0451,5.6,5.6,432,5.6
1538,Janssen,annulus,6.89,1519,0.1001,8.5,22.3,2743,3.4
765,Thompson,tube,13.79,2712,-0.2536,3.6,3.6,76,6.6
411,Thompson,tube,6.89,2767,0.1594,12.8,12.8,1930,2.4
97,Thompson,tube,3.45,5696,0.0854,10.3,10.3,762,4.4
918,Thompson,tube,13.79,5588,0.0192,4.7,4.7,318,4.7
1645,Janssen,annulus,8.27,1519,0.0091,12.7,42.3,1778,4.3
157,Thompson,tube,7.03,2780,-0.0477,4.6,4.6,229,7.5
420,Thompson,tube,6.89,5438,0.0645,12.8,12.8,1930,2.5
1223,Thompson,tube,2.63,2848,0.0047,3.0,3.0,150,4.2
478,Thompson,tube,6.89,2699,0.0231,23.6,23.6,1972,2.6
915,Thompson,tube,13.79,5398,-0.3559,4.7,4.7,318,10.2
669,Thompson,tube,11.0,2034,0.0888,11.5,11.5,1143,2.8
933,Thompson,tube,13.79,7391,-0.1212,4.7,4.7,318,6.7
963,Thompson,tube,13.79,694,-0.0573,7.7,7.7,457,3.6
1211,Thompson,tube,18.96,3486,-0.192,1.9,1.9,152,4.5
448,Thompson,tube,6.89,1912,-0.1521,23.6,23.6,610,4.8
1464,Beus,annulus,15.51,1352,0.1712,5.6,15.2,2134,0.9
179,Thompson,tube,6.89,3852,0.0387,5.6,5.6,216,5.9
391,Thompson,tube,6.89,2319,0.1085,12.4,12.4,610,3.5
579,Thompson,tube,11.03,4069,0.0091,9.3,9.3,762,4.0
964,Thompson,tube,13.79,705,-0.1331,7.7,7.7,457,3.4
1670,Janssen,annulus,6.92,385,0.1124,22.2,96.3,1778,3.5
1311,Weatherhead,tube,13.79,693,0.0145,7.7,7.7,457,2.7
1539,Janssen,annulus,6.89,2265,0.1933,8.5,22.3,2743,1.6
1376,Weatherhead,tube,13.79,666,-0.1356,11.1,11.1,457,3.0
1183,Thompson,tube,18.27,861,-0.1258,3.0,3.0,35,2.3
1358,Weatherhead,tube,13.79,1410,-0.0142,11.1,11.1,457,2.2
1589,Janssen,annulus,6.96,2265,0.0629,12.7,42.3,2743,3.5
665,Thompson,tube,11.03,2021,0.1197,11.5,11.5,1143,2.3
143,Thompson,tube,6.89,4042,-0.1916,3.6,3.6,76,11.3
1418,Williams,tube,13.79,4062,0.0588,9.5,9.5,1836,2.6
1332,Weatherhead,tube,13.79,1804,0.0897,11.1,11.1,457,1.7
422,Thompson,tube,6.89,5466,0.1128,12.8,12.8,1930,2.2
637,Thompson,tube,10.34,7717,-0.1189,10.3,10.3,762,7.8
1310,Weatherhead,tube,13.79,734,-0.1702,7.7,7.7,457,3.2
980,Thompson,tube,13.79,1290,0.0142,7.7,7.7,457,2.7
616,Thompson,tube,10.34,4855,-0.1227,10.3,10.3,762,6.7
295,Thompson,tube,6.89,6795,-0.059,10.3,10.3,794,7.0
1177,Thompson,tube,17.24,2984,-0.1258,1.9,1.9,696,3.0
1773,Janssen,annulus,6.89,553,0.1167,12.7,38.1,737,3.7
89,Thompson,tube,3.45,3892,0.1454,10.3,10.3,762,4.4
42,Thompson,tube,0.1,1301,0.0967,1.7,1.7,43,6.9
1682,Janssen,annulus,6.89,2278,0.1204,8.5,24.6,1778,2.9
1801,Mortimore,annulus,13.79,1356,0.0643,5.0,13.3,2134,1.6
132,Thompson,tube,4.1,4055,0.0618,10.8,10.8,864,3.9
1661,Janssen,annulus,6.92,765,0.0324,22.2,96.3,1778,4.1
866,Thompson,tube,13.79,1831,-0.1076,4.7,4.7,318,3.9
985,Thompson,tube,13.79,1343,0.1113,7.7,7.7,457,1.8
1729,Janssen,annulus,6.89,5588,0.064,6.4,15.9,914,3.0
1400,Williams,tube,11.03,2684,0.1533,9.5,9.5,1836,1.3
165,Thompson,tube,6.89,4828,0.0267,4.7,4.7,318,5.8
725,Thompson,tube,12.38,542,0.1619,19.8,19.8,457,1.8
291,Thompson,tube,6.89,6618,-0.0596,10.3,10.3,794,6.8
1069,Thompson,tube,13.79,1298,0.0778,7.8,7.8,591,2.3
1767,Janssen,annulus,6.98,553,0.1058,12.7,38.1,737,4.1
893,Thompson,tube,13.79,3648,-0.3247,4.7,4.7,318,7.9
779,Thompson,tube,13.79,3404,0.1074,4.6,4.6,295,2.7
349,Thompson,tube,6.89,4069,-0.0138,10.8,10.8,864,4.8
572,Thompson,tube,11.03,2034,0.0616,9.3,9.3,762,3.2
1737,Janssen,annulus,6.89,2807,0.0476,6.4,15.9,914,3.4
1758,Janssen,annulus,6.89,5520,-0.0383,12.7,38.1,914,4.6
1371,Weatherhead,tube,13.79,678,-0.15,11.1,11.1,457,3.9
1490,Beus,annulus,13.79,1345,0.0224,5.6,15.2,2134,1.7
1226,Thompson,tube,20.68,1214,-0.8667,3.6,3.6,76,8.1
1794,Janssen,annulus,6.89,1533,0.2072,8.5,24.6,1778,2.2
459,Thompson,tube,6.89,3852,-0.2094,23.6,23.6,610,6.8
376,Thompson,tube,6.89,4069,0.0989,11.5,11.5,1727,2.7
334,Thompson,tube,6.86,4096,-0.0492,10.8,10.8,432,5.0
1086,Thompson,tube,13.79,1736,0.1086,7.8,7.8,591,2.0
1643,Janssen,annulus,8.3,1519,0.0052,12.7,42.3,1778,4.3
1360,Weatherhead,tube,13.79,1370,0.0971,11.1,11.1,457,1.6
817,Thompson,tube,13.79,1410,-0.0412,4.7,4.7,305,3.4
1042,Thompson,tube,13.79,2645,-0.1711,7.7,7.7,457,5.3
880,Thompson,tube,13.79,3241,-0.0105,4.7,4.7,318,5.0
1731,Janssen,annulus,6.89,5615,0.003,6.4,15.9,914,4.0
1314,Weatherhead,tube,13.79,705,-0.1331,7.7,7.7,457,3.4
1797,Janssen,annulus,6.92,1519,0.1016,8.5,24.6,1778,3.1
1053,Thompson,tube,13.79,751,0.212,7.8,7.8,591,2.1
329,Thompson,tube,6.83,3838,-0.0133,10.8,10.8,432,3.9
926,Thompson,tube,13.79,6429,-0.202,4.7,4.7,318,7.2
319,Thompson,tube,7.14,1031,0.1651,10.8,10.8,432,4.0
1684,Janssen,annulus,6.96,2278,0.0582,8.5,24.6,1778,3.8
1689,Janssen,annulus,6.92,2292,0.1517,8.5,24.6,1778,2.3
1620,Janssen,annulus,4.13,1505,0.0945,12.7,42.3,1778,3.6
168,Thompson,tube,6.89,5967,0.0657,4.7,4.7,318,5.0
13,Peskov,tube,12.0,4028,0.0311,10.0,10.0,1650,2.0
172,Thompson,tube,6.89,6388,0.0376,4.7,4.7,318,5.9
650,Thompson,tube,11.0,2034,0.0577,11.5,11.5,914,2.9
261,Thompson,tube,6.89,7229,-0.0029,10.3,10.3,762,4.2
1135,Thompson,tube,15.51,2984,-0.0317,1.9,1.9,152,5.5
1335,Weatherhead,tube,13.79,2034,-0.094,11.1,11.1,457,3.4
673,Thompson,tube,11.03,3391,0.0583,11.5,11.5,1143,2.7
259,Thompson,tube,6.89,6103,-0.0609,10.3,10.3,762,6.5
845,Thompson,tube,13.79,5696,-0.2247,4.7,4.7,305,9.0
1118,Thompson,tube,13.79,3052,0.033,7.8,7.8,591,2.6
139,Thompson,tube,4.93,4218,0.0426,5.6,5.6,432,5.8
1714,Janssen,annulus,6.92,2767,0.0523,12.7,38.1,914,3.0
550,Thompson,tube,8.96,4069,0.1113,11.5,11.5,1524,1.8
922,Thompson,tube,13.79,6144,0.0863,4.7,4.7,318,3.0
1428,Williams,tube,15.17,1332,0.1282,9.5,9.5,1836,1.5
1548,Janssen,annulus,6.89,2278,0.1946,8.5,22.3,2743,1.5
1103,Thompson,tube,13.79,2278,0.0624,7.8,7.8,591,2.2
559,Thompson,tube,10.45,2387,0.0713,4.6,4.6,229,4.3
140,Thompson,tube,5.07,4218,0.1459,5.6,5.6,864,4.1
1622,Janssen,annulus,4.13,1519,0.0459,12.7,42.3,1778,4.6
532,Thompson,tube,6.89,3784,-0.0515,37.5,37.5,1953,3.8
225,Thompson,tube,6.89,3811,-0.0229,10.3,10.3,762,4.8
724,Thompson,tube,12.34,542,0.1617,19.8,19.8,457,1.8
787,Thompson,tube,13.79,3486,0.0705,4.6,4.6,295,3.2
1608,Janssen,annulus,6.89,2265,0.0384,12.7,42.3,1778,3.8
882,Thompson,tube,13.79,3391,-0.1386,4.7,4.7,318,5.3
410,Thompson,tube,6.89,2740,0.0184,12.8,12.8,1930,3.2
326,Thompson,tube,6.86,3513,0.0809,10.8,10.8,432,3.4
1027,Thompson,tube,13.79,2007,-0.2252,7.7,7.7,457,5.1
300,Thompson,tube,6.89,7432,-0.0523,10.3,10.3,794,7.9
1178,Thompson,tube,17.24,3052,-0.1674,1.9,1.9,696,3.0
1502,Beus,annulus,11.03,1364,0.1326,5.6,15.2,2134,1.8
1002,Thompson,tube,13.79,1397,-0.2653,7.7,7.7,457,4.5
1733,Janssen,annulus,6.89,5642,-0.0742,6.4,15.9,914,4.7
715,Thompson,tube,12.07,2326,-0.0443,1.9,1.9,696,2.1
1394,Williams,tube,11.03,1335,0.1694,9.5,9.5,1836,2.2
194,Thompson,tube,6.86,4069,0.1648,5.6,5.6,432,3.6
441,Thompson,tube,6.89,1354,0.0487,23.6,23.6,610,3.6
574,Thompson,tube,11.1,2034,0.0557,9.3,9.3,762,3.2
504,Thompson,tube,6.89,2265,0.0254,23.7,23.7,610,3.2
606,Thompson,tube,10.34,4815,-0.12,10.3,10.3,762,6.7
1224,Thompson,tube,2.63,2875,0.008,3.0,3.0,150,4.6
1090,Thompson,tube,13.79,1817,0.0225,7.8,7.8,591,2.5
1668,Janssen,annulus,6.87,381,0.1505,22.2,96.3,1778,2.8
847,Thompson,tube,13.79,783,-0.1821,4.7,4.7,318,3.2
4,Inasaka,tube,0.62,6400,-0.146,3.0,3.0,100,12.8
1076,Thompson,tube,13.79,1465,0.1163,7.8,7.8,591,2.0
1544,Janssen,annulus,6.89,2265,0.1247,8.5,22.3,2743,3.1
468,Thompson,tube,6.89,1370,0.1431,23.6,23.6,1972,2.5
322,Thompson,tube,6.79,1899,0.0903,10.8,10.8,432,3.8
6,Inasaka,tube,0.64,6200,-0.1221,3.0,3.0,100,8.2
223,Thompson,tube,6.89,3757,0.0087,10.3,10.3,762,3.9
548,Thompson,tube,8.89,4069,0.0787,11.5,11.5,1524,2.0
229,Thompson,tube,6.89,3947,-0.0259,10.3,10.3,762,3.4
40,Thompson,tube,0.1,3716,0.0633,1.0,1.0,51,8.4
543,Thompson,tube,6.89,7459,-0.0757,37.5,37.5,1953,6.0
243,Thompson,tube,6.89,5696,-0.0261,10.3,10.3,762,4.9
1678,Janssen,annulus,6.92,3065,0.0288,8.5,24.6,1778,3.8
137,Thompson,tube,5.03,3703,0.1951,5.6,5.6,432,4.2
1115,Thompson,tube,13.79,2916,0.0831,7.8,7.8,591,2.3
1857,Richenderfer,plate,1.01,1000,-0.0109,15.0,120.0,10,7.7
1472,Beus,annulus,15.51,2704,-0.201,5.6,15.2,2134,2.7
906,Thompson,tube,13.79,4910,0.1131,4.7,4.7,318,3.0
830,Thompson,tube,13.79,2780,-0.034,4.7,4.7,305,4.2
446,Thompson,tube,6.89,1885,-0.0471,23.6,23.6,610,3.8
843,Thompson,tube,13.79,4774,-0.072,4.7,4.7,305,5.9
1008,Thompson,tube,13.79,1655,-0.1762,7.7,7.7,457,4.3
1568,Janssen,annulus,6.89,1533,0.1341,12.7,42.3,2711,2.2
1081,Thompson,tube,13.79,1533,0.1587,7.8,7.8,591,1.9
1703,Janssen,annulus,6.89,2306,0.1717,4.6,11.3,1778,1.4
582,Thompson,tube,11.0,2034,0.1662,9.3,9.3,1524,2.0
1647,Janssen,annulus,9.68,1519,0.031,12.7,42.3,1778,3.6
1835,Richenderfer,plate,0.1,1500,-0.0373,15.0,120.0,10,5.4
662,Thompson,tube,11.1,4123,0.0716,11.5,11.5,914,2.2
437,Thompson,tube,6.89,957,0.0816,23.6,23.6,610,3.8
1730,Janssen,annulus,6.89,5588,0.0381,6.4,15.9,914,3.5
377,Thompson,tube,6.93,4069,0.1898,11.5,11.5,1727,2.2
1423,Williams,tube,13.79,2748,0.1565,9.5,9.5,1836,1.1
1132,Thompson,tube,15.51,2875,0.0015,1.9,1.9,152,5.4
315,Thompson,tube,6.93,3784,-0.0479,10.8,10.8,216,5.5
443,Thompson,tube,6.89,1370,-0.0438,23.6,23.6,610,4.2
1718,Janssen,annulus,6.89,2767,-0.0136,12.7,38.1,914,4.0
320,Thompson,tube,6.79,1763,0.1977,10.8,10.8,432,3.6
282,Thompson,tube,6.89,5547,-0.0522,10.3,10.3,794,5.9
995,Thompson,tube,13.79,1370,-0.3469,7.7,7.7,457,5.3
1114,Thompson,tube,13.79,2889,0.0455,7.8,7.8,591,2.5
1405,Williams,tube,13.79,2700,0.0147,9.5,9.5,1836,3.3
425,Thompson,tube,6.89,7500,0.0335,12.8,12.8,1930,2.9
554,Thompson,tube,10.41,1288,0.1244,4.6,4.6,229,4.6
595,Thompson,tube,10.34,3947,-0.1077,10.3,10.3,762,5.7
1829,Kossolapov,plate,0.1,734,-0.0187,15.0,120.0,10,2.4
369,Thompson,tube,6.93,4066,0.0396,10.8,10.8,1727,2.7
1363,Weatherhead,tube,13.79,686,-0.1825,11.1,11.1,457,3.5
974,Thompson,tube,13.79,936,-0.2364,7.7,7.7,457,4.1
1860,Richenderfer,plate,1.01,1500,-0.0109,15.0,120.0,10,9.1
1511,Beus,annulus,8.27,3678,0.0202,5.6,15.2,2134,3.2
938,Thompson,tube,13.79,1313,0.0146,5.7,5.7,625,1.6
228,Thompson,tube,6.89,3825,0.0051,10.3,10.3,762,3.9
1858,Richenderfer,plate,1.01,1000,-0.0218,15.0,120.0,10,8.1
1510,Beus,annulus,8.27,1345,0.1499,5.6,15.2,2134,1.6
1238,Weatherhead,tube,13.79,2685,-0.0389,7.7,7.7,457,3.6
1780,Janssen,annulus,6.89,833,-0.0762,12.7,38.1,737,4.8
67,Thompson,tube,3.45,5249,-0.048,5.7,5.7,625,8.6
394,Thompson,tube,6.89,2712,0.0263,12.4,12.4,610,4.3
580,Thompson,tube,11.07,4069,0.0553,9.3,9.3,762,2.9
25,Thompson,tube,0.1,707,0.166,1.0,1.0,25,4.9
212,Thompson,tube,6.89,4069,0.1294,9.3,9.3,1359,2.6
1437,Williams,tube,15.17,4136,0.0782,9.5,9.5,1836,2.3
145,Thompson,tube,7.17,1370,0.1702,4.6,4.6,229,5.6
537,Thompson,tube,6.89,5371,0.0241,37.5,37.5,1953,2.8
812,Thompson,tube,13.79,639,0.1789,4.7,4.7,305,2.2
1353,Weatherhead,tube,13.79,1329,-0.2323,11.1,11.1,457,3.7
988,Thompson,tube,13.79,1356,0.1818,7.7,7.7,457,1.4
86,Thompson,tube,3.45,3838,0.144,10.3,10.3,762,4.3
1683,Janssen,annulus,6.89,2278,0.0886,8.5,24.6,1778,3.3
273,Thompson,tube,6.89,4286,-0.0264,10.3,10.3,794,5.1
953,Thompson,tube,13.79,5289,-0.1601,5.7,5.7,625,6.8
1201,Thompson,tube,18.96,2075,-0.1334,1.9,1.9,152,3.4
1107,Thompson,tube,13.79,2360,0.0845,7.8,7.8,591,2.3
987,Thompson,tube,13.79,1354,-0.0576,7.7,7.7,457,3.2
1685,Janssen,annulus,6.99,2306,0.018,8.5,24.6,1778,4.1
631,Thompson,tube,10.34,6008,-0.1486,10.3,10.3,762,7.6
1279,Weatherhead,tube,13.79,1356,0.1818,7.7,7.7,457,1.4
1744,Janssen,annulus,6.89,2794,-0.0644,6.4,15.9,914,4.6
977,Thompson,tube,13.79,956,-0.2253,7.7,7.7,457,3.6
1334,Weatherhead,tube,13.79,2061,-0.1386,11.1,11.1,457,3.8
1348,Weatherhead,tube,13.79,1343,-0.0124,11.1,11.1,457,2.3
506,Thompson,tube,6.89,692,0.1484,37.5,37.5,1953,3.0
274,Thompson,tube,6.89,4503,-0.0427,10.3,10.3,794,5.0
508,Thompson,tube,6.89,949,0.1317,37.5,37.5,1953,2.7
1227,Weatherhead,tube,13.79,2563,-0.1806,7.7,7.7,457,5.4
363,Thompson,tube,6.93,3943,0.19,10.8,10.8,1727,2.1
1508,Beus,annulus,8.27,1348,0.1848,5.6,15.2,2134,1.1
1079,Thompson,tube,13.79,1505,0.0905,7.8,7.8,591,2.3
623,Thompson,tube,10.34,5832,-0.0953,10.3,10.3,762,6.5
3,Inasaka,tube,0.33,4300,-0.0395,3.0,3.0,100,7.3
7,Inasaka,tube,0.91,5500,-0.1224,3.0,3.0,100,15.6
1139,Thompson,tube,15.51,3553,0.0028,1.9,1.9,152,4.7
312,Thompson,tube,6.86,2034,-0.0927,10.8,10.8,216,5.8
1262,Weatherhead,tube,13.79,1668,-0.2365,7.7,7.7,457,5.2
989,Thompson,tube,13.79,1356,0.1323,7.7,7.7,457,1.8
666,Thompson,tube,11.0,2021,0.1536,11.5,11.5,1143,1.8
365,Thompson,tube,6.86,4043,0.1354,10.8,10.8,1727,2.4
1838,Richenderfer,plate,0.1,2000,-0.0373,15.0,120.0,10,6.1
216,Thompson,tube,6.89,4069,0.1722,9.3,9.3,1727,2.4
1062,Thompson,tube,13.79,1113,0.1584,7.8,7.8,591,2.0
983,Thompson,tube,13.79,1336,-0.159,7.7,7.7,457,3.6
28,Thompson,tube,0.1,1885,0.0258,1.0,1.0,25,7.1
1339,Weatherhead,tube,13.79,2048,-0.0111,11.1,11.1,457,2.5
526,Thompson,tube,6.89,2672,-0.1504,37.5,37.5,1953,4.6
1711,Janssen,annulus,6.92,2740,0.0416,12.7,38.1,737,3.3
1275,Weatherhead,tube,13.79,1351,-0.1184,7.7,7.7,457,3.6
639,Thompson,tube,10.34,7866,-0.1703,10.3,10.3,762,9.2
303,Thompson,tube,6.89,7853,-0.0417,10.3,10.3,794,6.0
719,Thompson,tube,12.07,3296,-0.0408,1.9,1.9,696,3.0
692,Thompson,tube,11.1,4069,0.0475,11.5,11.5,1524,2.8
1466,Beus,annulus,15.51,2729,0.0098,5.6,15.2,2134,1.8
1812,Mortimore,annulus,11.03,2698,0.0886,5.0,13.3,2134,1.8
625,Thompson,tube,10.34,5845,-0.0997,10.3,10.3,762,6.4
8,Peskov,tube,10.0,1944,-0.0465,10.0,10.0,400,4.2
257,Thompson,tube,6.89,6076,-0.06,10.3,10.3,762,6.5
804,Thompson,tube,13.79,4136,0.0459,4.6,4.6,295,3.1
26,Thompson,tube,0.1,932,0.1109,1.0,1.0,25,5.3
337,Thompson,tube,7.07,2021,0.1112,10.8,10.8,864,3.4
573,Thompson,tube,11.03,2034,-0.0232,9.3,9.3,762,4.1
48,Thompson,tube,3.45,1316,-0.0592,3.6,3.6,76,9.0
1381,Weatherhead,tube,13.79,689,0.1797,11.1,11.1,457,1.6
107,Thompson,tube,3.45,7893,-0.0178,10.3,10.3,762,4.3
350,Thompson,tube,6.89,4069,-0.0257,10.8,10.8,864,5.2
56,Thompson,tube,3.72,2848,0.0611,4.6,4.6,229,9.0
239,Thompson,tube,6.89,5425,0.0133,10.3,10.3,762,3.6
214,Thompson,tube,7.03,4069,0.1946,9.3,9.3,1359,2.3
121,Thompson,tube,3.86,4123,0.0424,10.8,10.8,432,5.2
1171,Thompson,tube,17.24,3608,-0.074,1.9,1.9,152,5.0
1746,Janssen,annulus,9.68,5655,0.0329,6.4,15.9,914,2.6
794,Thompson,tube,13.79,3947,0.072,4.6,4.6,295,2.6
73,Thompson,tube,3.45,5249,-0.0254,5.7,5.7,625,7.1
923,Thompson,tube,13.79,6198,-0.1209,4.7,4.7,318,6.0
813,Thompson,tube,13.79,838,0.0821,4.7,4.7,305,2.5
1611,Janssen,annulus,6.92,2292,-0.0336,12.7,42.3,1778,4.9
78,Thompson,tube,3.45,3784,0.1466,10.3,10.3,762,4.3
945,Thompson,tube,13.79,1316,-0.0688,5.7,5.7,625,3.0
1050,Thompson,tube,13.79,677,0.1038,7.8,7.8,591,2.3
46,Thompson,tube,2.14,6510,-0.0185,1.1,1.1,114,7.3
1565,Janssen,annulus,6.65,2292,0.0942,8.5,22.3,1829,3.9
524,Thompson,tube,6.89,1912,0.118,37.5,37.5,1953,2.3
233,Thompson,tube,6.89,3987,-0.0338,10.3,10.3,762,4.8
645,Thompson,tube,10.34,7907,-0.1688,10.3,10.3,762,9.3
1655,Janssen,annulus,9.68,2278,0.1007,12.7,42.3,1778,2.6
534,Thompson,tube,6.89,3811,-0.0943,37.5,37.5,1953,4.5
1448,Beus,annulus,13.79,3701,0.0515,5.6,15.2,2134,2.3
604,Thompson,tube,10.34,3974,-0.1042,10.3,10.3,762,5.8
1861,Richenderfer,plate,1.01,1500,-0.0218,15.0,120.0,10,9.4
1215,Thompson,tube,18.96,2184,-0.0603,1.9,1.9,696,2.4
61,Thompson,tube,3.83,4136,0.0449,5.6,5.6,216,7.3
1179,Thompson,tube,17.24,3608,-0.0822,1.9,1.9,696,3.7
93,Thompson,tube,3.45,3947,0.1427,10.3,10.3,762,4.4
667,Thompson,tube,11.03,2021,0.1515,11.5,11.5,1143,1.8
281,Thompson,tube,6.89,5506,-0.0469,10.3,10.3,794,6.0
1041,Thompson,tube,13.79,2645,0.0036,7.7,7.7,457,3.1
360,Thompson,tube,7.0,4056,0.1108,10.8,10.8,864,2.5
1056,Thompson,tube,13.79,888,0.0763,7.8,7.8,591,2.3
1095,Thompson,tube,13.79,2089,0.0244,7.8,7.8,591,2.6
848,Thompson,tube,13.79,852,0.1433,4.7,4.7,318,1.6
1649,Janssen,annulus,9.65,1519,-0.0158,12.7,42.3,1778,3.9
111,Thompson,tube,3.86,2034,0.144,10.8,10.8,432,5.6
43,Thompson,tube,0.1,2007,0.0644,1.7,1.7,43,9.2
126,Thompson,tube,3.9,3811,0.1394,10.8,10.8,864,3.9
205,Thompson,tube,7.0,4421,0.0713,5.6,5.6,864,3.5
53,Thompson,tube,3.83,2712,0.1609,4.6,4.6,229,6.7
546,Thompson,tube,8.96,2034,0.1887,11.5,11.5,1524,2.1
69,Thompson,tube,3.45,5249,-0.0497,5.7,5.7,625,7.9
1854,Richenderfer,plate,0.51,2000,-0.0102,15.0,120.0,10,7.7
1447,Beus,annulus,15.51,1354,0.1274,5.6,15.2,2134,1.5
184,Thompson,tube,6.89,3513,0.1877,5.6,5.6,432,3.6
138,Thompson,tube,4.96,4204,0.0465,5.6,5.6,432,5.9
900,Thompson,tube,13.79,4299,0.0533,4.7,4.7,318,4.3
797,Thompson,tube,13.79,4014,0.0797,4.6,4.6,295,2.5
133,Thompson,tube,4.21,4055,0.0502,10.8,10.8,864,3.8
81,Thompson,tube,3.45,3797,0.1457,10.3,10.3,762,4.3
1441,Beus,annulus,15.51,2710,0.1232,5.6,15.2,2134,1.6
542,Thompson,tube,6.89,7459,-0.032,37.5,37.5,1953,4.7
1493,Beus,annulus,11.03,3684,0.0718,5.6,15.2,2134,1.8
984,Thompson,tube,13.79,1339,0.1786,7.7,7.7,457,1.3
166,Thompson,tube,6.89,4964,0.0073,4.7,4.7,318,6.8
249,Thompson,tube,6.89,5859,-0.0375,10.3,10.3,762,4.7
447,Thompson,tube,6.89,1912,0.0114,23.6,23.6,610,3.4
1075,Thompson,tube,13.79,1438,0.0975,7.8,7.8,591,2.3
859,Thompson,tube,13.79,1302,-0.1239,4.7,4.7,318,3.3
1133,Thompson,tube,15.51,2929,0.0001,1.9,1.9,152,4.2
98,Thompson,tube,3.45,5696,0.0883,10.3,10.3,762,4.5
1839,Richenderfer,plate,0.2,1000,-0.0096,15.0,120.0,10,4.0
738,Thompson,tube,13.79,2428,-0.0321,1.9,1.9,152,4.6
1579,Janssen,annulus,6.92,1546,0.0935,12.7,42.3,2743,3.3
103,Thompson,tube,3.45,5967,0.0203,10.3,10.3,762,4.6
435,Thompson,tube,6.89,928,0.1352,23.6,23.6,610,3.5
75,Thompson,tube,3.45,3743,0.1487,10.3,10.3,762,4.3
1673,Janssen,annulus,6.92,1519,0.0314,22.2,96.3,1778,3.7
1330,Weatherhead,tube,13.79,1953,0.0243,11.1,11.1,457,2.2
919,Thompson,tube,13.79,5791,-0.0072,4.7,4.7,318,4.2
1602,Janssen,annulus,6.89,1519,0.0557,12.7,42.3,1778,3.9
1564,Janssen,annulus,6.89,2319,0.1074,8.5,22.3,1829,3.2
1517,Janssen,annulus,6.87,1546,0.1465,8.5,22.3,2591,2.8
763,Thompson,tube,13.79,2306,-0.3339,3.6,3.6,76,9.0
990,Thompson,tube,13.79,1356,-0.2201,7.7,7.7,457,4.5
389,Thompson,tube,6.89,1668,0.0111,12.4,12.4,610,4.4
236,Thompson,tube,6.89,4042,-0.0008,10.3,10.3,762,4.0
1408,Williams,tube,13.79,1359,0.151,9.5,9.5,1836,1.5
268,Thompson,tube,6.89,3933,-0.0047,10.3,10.3,794,5.1
1111,Thompson,tube,13.79,2658,0.0467,7.8,7.8,591,2.5
118,Thompson,tube,3.86,4069,0.0117,10.8,10.8,432,5.4
1503,Beus,annulus,11.03,1358,0.0179,5.6,15.2,2134,2.6
674,Thompson,tube,11.07,3404,0.0766,11.5,11.5,1143,2.2
250,Thompson,tube,6.89,5913,-0.0257,10.3,10.3,762,5.1
1662,Janssen,annulus,6.82,762,0.0161,22.2,96.3,1778,4.5
95,Thompson,tube,3.45,3960,0.0861,10.3,10.3,762,4.6
34,Thompson,tube,0.1,2780,0.0406,1.0,1.0,38,7.5
1781,Janssen,annulus,6.89,833,-0.0657,12.7,38.1,737,5.3
1562,Janssen,annulus,6.85,2360,0.1352,8.5,22.3,1829,2.0
449,Thompson,tube,6.89,1926,0.0603,23.6,23.6,610,3.1
717,Thompson,tube,12.07,2740,-0.0266,1.9,1.9,696,2.5
1180,Thompson,tube,17.24,3648,-0.0703,1.9,1.9,696,3.8
1419,Williams,tube,13.79,2680,0.1275,9.5,9.5,1836,1.5
1,Inasaka,tube,0.39,5600,-0.1041,3.0,3.0,100,11.3
1281,Weatherhead,tube,13.79,1383,-0.1775,7.7,7.7,457,4.1
1102,Thompson,tube,13.79,2265,0.1286,7.8,7.8,591,1.9
83,Thompson,tube,3.45,3811,0.1494,10.3,10.3,762,4.4
1202,Thompson,tube,18.96,2685,-0.103,1.9,1.9,152,3.6
677,Thompson,tube,11.03,4055,0.0461,11.5,11.5,1143,2.9
1354,Weatherhead,tube,13.79,1370,-0.2389,11.1,11.1,457,3.5
1047,Thompson,tube,13.79,2685,-0.0389,7.7,7.7,457,3.6
771,Thompson,tube,13.79,7717,-0.1335,3.6,3.6,76,7.7
1626,Janssen,annulus,4.13,2278,0.0486,12.7,42.3,1778,4.5
1680,Janssen,annulus,6.78,3052,-0.0265,8.5,24.6,1778,4.6
1646,Janssen,annulus,9.65,1519,0.0667,12.7,42.3,1778,3.0
1390,Williams,tube,8.27,2710,0.1378,9.5,9.5,1836,2.3
405,Thompson,tube,6.89,2699,0.0192,12.8,12.8,1930,3.6
1615,Janssen,annulus,6.89,1519,-0.0184,12.7,42.3,1778,4.9
1236,Weatherhead,tube,13.79,2645,-0.1019,7.7,7.7,457,4.5
105,Thompson,tube,3.45,7622,0.0591,10.3,10.3,762,4.7
689,Thompson,tube,11.03,4069,0.0498,11.5,11.5,1524,2.8
1489,Beus,annulus,13.79,1340,-0.0135,5.6,15.2,2134,1.6
827,Thompson,tube,13.79,2760,-0.0313,4.7,4.7,305,4.2
63,Thompson,tube,3.86,4069,0.0902,5.6,5.6,432,6.7
853,Thompson,tube,13.79,1063,0.0001,4.7,4.7,318,3.2
1260,Weatherhead,tube,13.79,1655,0.0929,7.7,7.7,457,1.9
224,Thompson,tube,6.89,3797,-0.022,10.3,10.3,762,4.8
146,Thompson,tube,7.0,1383,0.1601,4.6,4.6,229,5.7
1089,Thompson,tube,13.79,1777,0.0718,7.8,7.8,591,2.3
374,Thompson,tube,6.89,4069,0.16,11.5,11.5,1727,2.3
1323,Weatherhead,tube,13.79,1967,0.0229,11.1,11.1,457,2.0
1705,Janssen,annulus,6.89,2319,0.0824,4.6,11.3,1778,2.2
1396,Williams,tube,11.03,4092,0.023,9.5,9.5,1836,3.2
1498,Beus,annulus,11.03,2712,0.0747,5.6,15.2,2134,2.0
1186,Thompson,tube,18.27,816,-0.1284,3.0,3.0,150,1.2
10,Peskov,tube,10.0,1000,0.0103,10.0,10.0,565,4.3
450,Thompson,tube,6.89,2685,-0.0246,23.6,23.6,610,3.7
709,Thompson,tube,12.07,3255,-0.0458,1.9,1.9,152,6.6
256,Thompson,tube,6.89,6062,-0.0595,10.3,10.3,762,6.5
883,Thompson,tube,13.79,3391,-0.0224,4.7,4.7,318,5.3
390,Thompson,tube,6.89,1668,-0.0022,12.4,12.4,610,4.9
909,Thompson,tube,13.79,4964,0.0943,4.7,4.7,318,2.8
925,Thompson,tube,13.79,6239,-0.1208,4.7,4.7,318,7.3
1595,Janssen,annulus,6.85,1165,0.1396,12.7,42.3,2743,2.9
1152,Thompson,tube,17.24,1939,-0.0589,1.9,1.9,152,2.8
461,Thompson,tube,6.89,5384,-0.0629,23.6,23.6,610,4.4
1607,Janssen,annulus,6.89,2292,0.0797,12.7,42.3,1778,3.4
959,Thompson,tube,13.79,678,0.0334,7.7,7.7,457,2.7
502,Thompson,tube,6.89,7405,-0.0054,23.6,23.6,1972,3.8
740,Thompson,tube,13.79,2455,-0.0594,1.9,1.9,152,4.0
1859,Richenderfer,plate,1.01,1000,-0.0434,15.0,120.0,10,9.0
869,Thompson,tube,13.79,1899,-0.0833,4.7,4.7,318,3.9
732,Thompson,tube,13.79,2224,-0.0358,1.9,1.9,152,3.3
540,Thompson,tube,6.89,5493,-0.0229,37.5,37.5,1953,3.9
698,Thompson,tube,12.07,2509,-0.0466,1.9,1.9,152,5.1
1297,Weatherhead,tube,13.79,1221,0.1936,7.7,7.7,457,1.4
1282,Weatherhead,tube,13.79,1410,-0.0568,7.7,7.7,457,3.2
1146,Thompson,tube,15.51,2495,-0.1004,1.9,1.9,696,2.4
1032,Thompson,tube,13.79,2034,0.0226,7.7,7.7,457,2.7
373,Thompson,tube,6.89,4069,0.1651,11.5,11.5,1359,2.5
668,Thompson,tube,11.03,2034,0.0869,11.5,11.5,1143,2.8
1614,Janssen,annulus,6.89,2292,0.1106,12.7,42.3,1778,2.9
358,Thompson,tube,6.96,4054,0.1177,10.8,10.8,864,2.6
968,Thompson,tube,13.79,913,0.1679,7.7,7.7,457,1.7
784,Thompson,tube,13.79,3445,0.0639,4.6,4.6,295,2.1
736,Thompson,tube,13.79,2401,-0.0574,1.9,1.9,152,5.1
1036,Thompson,tube,13.79,2563,0.064,7.7,7.7,457,2.3
971,Thompson,tube,13.79,929,-0.0202,7.7,7.7,457,2.7
1426,Williams,tube,15.17,670,0.1651,9.5,9.5,1836,1.2
1388,Weatherhead,tube,13.79,346,0.0033,11.1,11.1,457,2.5
1425,Williams,tube,13.79,4073,0.1512,9.5,9.5,1836,1.6
1392,Williams,tube,8.27,4036,0.0537,9.5,9.5,1836,2.8
1827,Kossolapov,plate,0.1,336,-0.0187,15.0,120.0,10,2.1
1606,Janssen,annulus,6.89,2292,0.1086,12.7,42.3,1778,2.9
886,Thompson,tube,13.79,3458,-0.0541,4.7,4.7,318,4.8
80,Thompson,tube,3.45,3784,0.1508,10.3,10.3,762,4.4
1173,Thompson,tube,17.24,2089,-0.1339,1.9,1.9,696,2.1
815,Thompson,tube,13.79,1302,-0.0232,4.7,4.7,305,3.3
1199,Thompson,tube,18.96,2048,-0.1926,1.9,1.9,152,3.7
672,Thompson,tube,11.03,3391,0.099,11.5,11.5,1143,1.8
1433,Williams,tube,15.17,4059,0.0375,9.5,9.5,1836,2.8
58,Thompson,tube,3.83,2889,0.0666,4.6,4.6,229,8.2
134,Thompson,tube,3.9,4069,0.0184,10.8,10.8,864,5.1
1141,Thompson,tube,15.51,3743,0.001,1.9,1.9,152,5.6
934,Thompson,tube,13.79,7473,0.0865,4.7,4.7,318,3.5
1576,Janssen,annulus,6.89,1546,0.0967,12.7,42.3,2743,3.4
824,Thompson,tube,13.79,2156,-0.0069,4.7,4.7,305,3.5
505,Thompson,tube,6.89,678,0.2034,37.5,37.5,1953,2.9
1657,Janssen,annulus,9.68,2292,0.0113,12.7,42.3,1778,3.7
348,Thompson,tube,6.89,4069,0.0179,10.8,10.8,864,4.1
387,Thompson,tube,6.89,1492,0.1422,12.4,12.4,610,3.8
1025,Thompson,tube,13.79,1980,0.07,7.7,7.7,457,2.3
895,Thompson,tube,13.79,3770,0.129,4.7,4.7,318,2.6
829,Thompson,tube,13.79,2767,-0.0322,4.7,4.7,305,4.2
1764,Janssen,annulus,9.65,5561,0.0275,12.7,38.1,914,3.1
476,Thompson,tube,6.89,1926,0.0191,23.6,23.6,1972,3.0
1476,Beus,annulus,13.79,2717,0.1233,5.6,15.2,2134,1.3
1499,Beus,annulus,11.03,1345,0.1459,5.6,15.2,2134,1.2
653,Thompson,tube,11.1,3391,0.0613,11.5,11.5,914,2.6
173,Thompson,tube,6.86,1926,0.165,5.6,5.6,216,5.3
1150,Thompson,tube,15.51,3743,-0.0579,1.9,1.9,696,3.7
39,Thompson,tube,0.1,2821,0.0864,1.0,1.0,51,7.1
714,Thompson,tube,12.07,4082,-0.0202,1.9,1.9,152,4.7
91,Thompson,tube,3.45,3933,0.1434,10.3,10.3,762,4.4
1804,Mortimore,annulus,13.79,2699,0.0446,5.0,13.3,2134,2.0
876,Thompson,tube,13.79,2862,0.0576,4.7,4.7,318,3.7
1641,Janssen,annulus,8.27,1519,0.0522,12.7,42.3,1778,3.7
1094,Thompson,tube,13.79,2061,0.0598,7.8,7.8,591,2.2
1156,Thompson,tube,17.24,2184,-0.1437,1.9,1.9,152,4.8
1269,Weatherhead,tube,13.79,1655,0.0948,7.7,7.7,457,1.8
1824,Kossolapov,plate,0.1,340,-0.0466,15.0,120.0,10,4.3
500,Thompson,tube,6.89,5520,-0.1099,23.6,23.6,1972,5.5
339,Thompson,tube,7.0,3458,0.0731,10.8,10.8,864,2.9
1189,Thompson,tube,18.27,857,-0.1199,3.0,3.0,150,1.1
29,Thompson,tube,0.1,2794,0.0128,1.0,1.0,25,9.7
1233,Weatherhead,tube,13.79,2550,0.0628,7.7,7.7,457,2.3
1732,Janssen,annulus,6.89,5588,-0.0408,6.4,15.9,914,4.3
946,Thompson,tube,13.79,5208,0.0247,5.7,5.7,625,3.6
170,Thompson,tube,6.89,6157,0.0073,4.7,4.7,318,6.7
1308,Weatherhead,tube,13.79,929,0.1693,7.7,7.7,457,1.8
1198,Thompson,tube,18.96,2048,-0.2558,1.9,1.9,152,4.2
913,Thompson,tube,13.79,5316,-0.331,4.7,4.7,318,9.5
492,Thompson,tube,6.89,3811,0.0682,23.6,23.6,1972,2.0
954,Thompson,tube,13.79,5316,-0.1556,5.7,5.7,625,6.6
1098,Thompson,tube,13.79,2116,0.0792,7.8,7.8,591,2.3
1033,Thompson,tube,13.79,2034,0.0936,7.7,7.7,457,1.8
588,Thompson,tube,11.14,4069,0.1112,9.3,9.3,1524,1.9
751,Thompson,tube,13.79,3920,-0.0134,1.9,1.9,152,5.4
658,Thompson,tube,11.0,3391,0.0393,11.5,11.5,914,3.0
235,Thompson,tube,6.89,4042,-0.0321,10.3,10.3,762,4.9
733,Thompson,tube,13.79,2251,-0.0335,1.9,1.9,152,3.9
1527,Janssen,annulus,6.89,1519,0.1975,8.5,22.3,2743,2.5
1157,Thompson,tube,17.24,2184,-0.1342,1.9,1.9,152,4.8
1660,Janssen,annulus,6.85,770,0.1212,22.2,96.3,1778,2.5
1735,Janssen,annulus,6.84,2821,0.0893,6.4,15.9,914,3.1
935,Thompson,tube,13.79,7975,-0.2001,4.7,4.7,318,7.9
1210,Thompson,tube,18.96,3458,-0.1517,1.9,1.9,152,4.7
1066,Thompson,tube,13.79,1260,0.1785,7.8,7.8,591,2.0
109,Thompson,tube,3.45,7893,-0.0071,10.3,10.3,762,4.8
1442,Beus,annulus,15.51,1351,0.2201,5.6,15.2,2134,1.0
569,Thompson,tube,11.03,1017,0.1733,9.3,9.3,762,2.8
1168,Thompson,tube,17.24,2889,-0.1317,1.9,1.9,152,5.1
1175,Thompson,tube,17.24,2197,0.0292,1.9,1.9,696,2.4
891,Thompson,tube,13.79,3608,-0.0805,4.7,4.7,318,6.2
948,Thompson,tube,13.79,5262,-0.3924,5.7,5.7,625,8.9
1049,Thompson,tube,13.79,2712,-0.0638,7.7,7.7,457,4.1
1259,Weatherhead,tube,13.79,1682,0.0484,7.7,7.7,457,2.3
1303,Weatherhead,tube,13.79,936,-0.2364,7.7,7.7,457,4.1
1349,Weatherhead,tube,13.79,1344,0.0384,11.1,11.1,457,2.0
885,Thompson,tube,13.79,3404,-0.0532,4.7,4.7,318,5.8
1566,Janssen,annulus,6.89,1926,0.2011,8.5,22.3,1829,2.2
851,Thompson,tube,13.79,1020,-0.082,4.7,4.7,318,2.1
735,Thompson,tube,13.79,2387,-0.0537,1.9,1.9,152,5.1
718,Thompson,tube,12.07,2835,-0.074,1.9,1.9,696,2.5
455,Thompson,tube,6.89,3797,0.0135,23.6,23.6,610,3.1
265,Thompson,tube,6.89,7554,-0.0416,10.3,10.3,762,5.9
76,Thompson,tube,3.45,3743,0.153,10.3,10.3,762,4.4
1552,Janssen,annulus,6.83,1533,0.1192,8.5,22.3,1829,3.5
445,Thompson,tube,6.89,1872,-0.0962,23.6,23.6,610,4.4
396,Thompson,tube,6.89,2645,0.003,12.4,12.4,610,4.5
177,Thompson,tube,6.93,3323,0.1178,5.6,5.6,216,4.9
1043,Thompson,tube,13.79,2645,-0.1019,7.7,7.7,457,4.5
1623,Janssen,annulus,4.13,2292,0.1124,12.7,42.3,1778,3.1
1305,Weatherhead,tube,13.79,943,-0.1303,7.7,7.7,457,3.2
1285,Weatherhead,tube,13.79,1356,0.1323,7.7,7.7,457,1.8
596,Thompson,tube,10.34,3947,-0.0547,10.3,10.3,762,5.1
62,Thompson,tube,3.86,4136,0.0436,5.6,5.6,216,7.3
873,Thompson,tube,13.79,2550,0.186,4.7,4.7,318,2.3
1791,Janssen,annulus,6.99,2278,0.047,8.5,24.6,1778,3.7
1762,Janssen,annulus,9.68,5547,-0.0404,12.7,38.1,914,4.3
279,Thompson,tube,6.89,5289,-0.0378,10.3,10.3,794,6.0
37,Thompson,tube,0.1,1336,0.1904,1.0,1.0,51,4.9
1445,Beus,annulus,15.51,2717,0.0537,5.6,15.2,2134,2.0
663,Thompson,tube,11.03,4123,0.0649,11.5,11.5,914,2.1
1845,Richenderfer,plate,0.2,2000,-0.0096,15.0,120.0,10,4.9
1456,Beus,annulus,11.03,1359,0.1867,5.6,15.2,2134,1.0
978,Thompson,tube,13.79,963,-0.2585,7.7,7.7,457,4.0
1471,Beus,annulus,15.51,3674,-0.3137,5.6,15.2,2134,3.3
739,Thompson,tube,13.79,2441,-0.0546,1.9,1.9,152,4.0
192,Thompson,tube,6.89,4055,0.0562,5.6,5.6,432,5.3
920,Thompson,tube,13.79,5900,-0.0431,4.7,4.7,318,5.9
457,Thompson,tube,6.89,3825,-0.0969,23.6,23.6,610,5.2
676,Thompson,tube,11.1,4055,0.0442,11.5,11.5,1143,2.9
761,Thompson,tube,13.79,1600,0.0776,3.6,3.6,76,3.9
1687,Janssen,annulus,6.92,2278,0.0545,8.5,24.6,1778,3.8
729,Thompson,tube,12.41,542,0.1725,19.8,19.8,610,2.0
413,Thompson,tube,6.89,3770,0.1655,12.8,12.8,1930,2.0
1099,Thompson,tube,13.79,2129,0.0829,7.8,7.8,591,2.3
826,Thompson,tube,13.79,2760,0.0496,4.7,4.7,305,2.9
1638,Janssen,annulus,5.51,1519,0.0084,12.7,42.3,1778,5.0
617,Thompson,tube,10.34,4855,-0.1227,10.3,10.3,762,6.7
115,Thompson,tube,3.86,3797,0.1078,10.8,10.8,432,5.3
418,Thompson,tube,6.89,3825,0.0675,12.8,12.8,1930,2.5
1779,Janssen,annulus,6.89,829,-0.0078,12.7,38.1,737,4.5
970,Thompson,tube,13.79,926,0.0808,7.7,7.7,457,2.3
605,Thompson,tube,10.34,4774,-0.1125,10.3,10.3,762,6.8
1786,Janssen,annulus,6.89,3065,0.1204,8.5,24.6,1778,2.5
90,Thompson,tube,3.45,3906,0.1447,10.3,10.3,762,4.4
849,Thompson,tube,13.79,903,0.1065,4.7,4.7,318,1.6
1421,Williams,tube,13.79,4039,0.099,9.5,9.5,1836,2.1
1785,Janssen,annulus,6.96,551,0.1674,12.7,38.1,737,2.7
754,Thompson,tube,13.79,2604,-0.0313,1.9,1.9,696,2.5
499,Thompson,tube,6.89,5479,-0.0666,23.6,23.6,1972,4.8
1277,Weatherhead,tube,13.79,1318,0.0884,7.7,7.7,457,2.3
12,Peskov,tube,12.0,1000,-0.0868,10.0,10.0,565,3.5
397,Thompson,tube,6.89,2685,0.0151,12.4,12.4,610,4.5
285,Thompson,tube,6.89,6117,-0.0624,10.3,10.3,794,6.2
1067,Thompson,tube,13.79,1272,0.1714,7.8,7.8,591,2.0
1192,Thompson,tube,18.96,1844,-0.0925,1.9,1.9,152,2.6
1630,Janssen,annulus,4.16,749,0.1329,12.7,42.3,1778,3.5
691,Thompson,tube,11.07,4069,0.0769,11.5,11.5,1524,2.0
1526,Janssen,annulus,6.89,1519,0.1998,8.5,22.3,2743,2.2
1748,Janssen,annulus,9.68,5615,-0.0058,6.4,15.9,914,3.1
690,Thompson,tube,11.03,4069,0.0597,11.5,11.5,1524,2.4
852,Thompson,tube,13.79,1062,0.0742,4.7,4.7,318,1.9
160,Thompson,tube,6.89,3065,0.1827,4.7,4.7,318,4.6
896,Thompson,tube,13.79,3784,-0.4456,4.7,4.7,318,10.0
1475,Beus,annulus,13.79,3673,0.0847,5.6,15.2,2134,1.5
258,Thompson,tube,6.89,6089,-0.0573,10.3,10.3,762,6.6
336,Thompson,tube,6.72,2021,0.121,10.8,10.8,864,3.4
1752,Janssen,annulus,9.61,5615,-0.0945,6.4,15.9,914,4.3
1040,Thompson,tube,13.79,2618,0.0928,7.7,7.7,457,1.8
516,Thompson,tube,6.89,1370,-0.0715,37.5,37.5,1953,3.8
1016,Thompson,tube,13.79,1668,-0.077,7.7,7.7,457,3.6
769,Thompson,tube,13.79,7093,0.0647,3.6,3.6,76,6.0
1637,Janssen,annulus,5.51,1519,0.0126,12.7,42.3,1778,4.6
762,Thompson,tube,13.79,2102,-0.1438,3.6,3.6,76,7.0
1247,Weatherhead,tube,13.79,1980,-0.0158,7.7,7.7,457,3.1
1204,Thompson,tube,18.96,2726,-0.3826,1.9,1.9,152,5.2
1379,Weatherhead,tube,13.79,689,0.0196,11.1,11.1,457,2.2
1849,Richenderfer,plate,0.51,1000,-0.0204,15.0,120.0,10,6.2
522,Thompson,tube,6.89,1912,-0.0264,37.5,37.5,1953,3.2
23,Peskov,tube,18.0,750,-0.1488,10.0,10.0,1650,0.9
357,Thompson,tube,6.9,4048,0.0003,10.8,10.8,864,4.3
1278,Weatherhead,tube,13.79,1343,0.1113,7.7,7.7,457,1.8
1313,Weatherhead,tube,13.79,739,-0.1756,7.7,7.7,457,3.5
1575,Janssen,annulus,6.93,1519,0.1104,12.7,42.3,2743,3.4
341,Thompson,tube,7.0,3770,0.0477,10.8,10.8,864,3.1
432,Thompson,tube,6.89,2319,0.0065,23.6,23.6,610,3.2
474,Thompson,tube,6.89,1926,0.1855,23.6,23.6,1972,2.1
218,Thompson,tube,6.93,4069,0.0944,9.3,9.3,1727,2.8
912,Thompson,tube,13.79,5249,0.0753,4.7,4.7,318,4.1
1228,Weatherhead,tube,13.79,2618,-0.1023,7.7,7.7,457,4.5
1494,Beus,annulus,11.03,3677,0.0765,5.6,15.2,2134,1.8
1012,Thompson,tube,13.79,1655,0.0948,7.7,7.7,457,1.8
1815,Mortimore,annulus,8.27,1339,0.1869,5.0,13.3,2134,1.5
94,Thompson,tube,3.45,3960,0.0818,10.3,10.3,762,4.5
1009,Thompson,tube,13.79,1655,-0.1381,7.7,7.7,457,4.1
1071,Thompson,tube,13.79,1356,0.0224,7.8,7.8,591,2.5
1093,Thompson,tube,13.79,2061,0.0622,7.8,7.8,591,2.2
1693,Janssen,annulus,6.89,1533,0.1157,8.5,24.6,1778,2.9
1309,Weatherhead,tube,13.79,694,-0.0573,7.7,7.7,457,3.6
697,Thompson,tube,12.07,2428,-0.025,1.9,1.9,152,4.1
1674,Janssen,annulus,6.89,3052,0.1321,8.5,24.6,1778,2.5
997,Thompson,tube,13.79,1383,-0.1775,7.7,7.7,457,4.1
154,Thompson,tube,7.34,2550,0.0655,4.6,4.6,229,6.2
1100,Thompson,tube,13.79,2143,0.0336,7.8,7.8,591,2.5
1609,Janssen,annulus,6.89,2278,0.0109,12.7,42.3,1778,4.2
1863,Richenderfer,plate,1.01,2000,-0.0109,15.0,120.0,10,10.8
790,Thompson,tube,13.79,3635,0.1026,4.6,4.6,295,2.3
581,Thompson,tube,11.07,4069,0.0113,9.3,9.3,762,4.0
704,Thompson,tube,12.07,3201,-0.0531,1.9,1.9,152,6.6
1213,Thompson,tube,18.96,1939,-0.0874,1.9,1.9,696,2.1
1296,Weatherhead,tube,13.79,1356,0.0852,7.7,7.7,457,1.8
1560,Janssen,annulus,6.89,1533,0.186,8.5,22.3,1829,2.1
1261,Weatherhead,tube,13.79,1614,0.134,7.7,7.7,457,1.6
488,Thompson,tube,6.89,3486,0.079,23.6,23.6,1972,2.0
560,Thompson,tube,10.48,2387,0.0916,4.6,4.6,229,3.9
1142,Thompson,tube,15.51,3811,-0.0204,1.9,1.9,152,5.2
1120,Thompson,tube,13.79,1763,0.2054,10.4,10.4,1829,1.1
802,Thompson,tube,13.79,4136,0.0684,4.6,4.6,295,3.0
513,Thompson,tube,6.89,1356,0.173,37.5,37.5,1953,2.1
634,Thompson,tube,10.34,7351,-0.0677,10.3,10.3,762,6.2
1380,Weatherhead,tube,13.79,682,0.0823,11.1,11.1,457,1.9
1669,Janssen,annulus,6.92,381,0.1363,22.2,96.3,1778,3.3
1151,Thompson,tube,15.51,3879,-0.0692,1.9,1.9,696,3.8
791,Thompson,tube,13.79,3675,0.1043,4.6,4.6,295,2.4
117,Thompson,tube,3.86,4069,0.0117,10.8,10.8,432,5.4
741,Thompson,tube,13.79,3038,-0.032,1.9,1.9,152,5.4
1582,Janssen,annulus,6.89,2292,0.1206,12.7,42.3,2743,2.1
1082,Thompson,tube,13.79,1587,0.0129,7.8,7.8,591,2.5
831,Thompson,tube,13.79,2794,-0.0367,4.7,4.7,305,4.1
120,Thompson,tube,3.86,4123,0.0379,10.8,10.8,432,5.0
657,Thompson,tube,11.03,3391,0.0854,11.5,11.5,914,2.1
1776,Janssen,annulus,6.89,830,0.1045,12.7,38.1,737,3.2
636,Thompson,tube,10.34,7432,-0.0698,10.3,10.3,762,6.2
370,Thompson,tube,7.08,4066,0.0487,10.8,10.8,1727,2.8
269,Thompson,tube,6.89,4001,-0.0092,10.3,10.3,794,5.1
656,Thompson,tube,11.03,3391,0.0854,11.5,11.5,914,2.1
936,Thompson,tube,13.79,1302,-0.1235,5.7,5.7,625,3.5
823,Thompson,tube,13.79,2143,0.1331,4.7,4.7,305,2.2
867,Thompson,tube,13.79,1872,-0.3206,4.7,4.7,318,5.3
47,Thompson,tube,2.14,6781,-0.0134,1.1,1.1,114,5.8
1374,Weatherhead,tube,13.79,688,-0.3183,11.1,11.1,457,3.5
1692,Janssen,annulus,6.92,1519,0.1494,8.5,24.6,1778,2.6
992,Thompson,tube,13.79,1356,-0.1965,7.7,7.7,457,4.1
877,Thompson,tube,13.79,2862,0.0798,4.7,4.7,318,3.1
774,Thompson,tube,13.79,2563,0.1036,4.6,4.6,295,2.1
1220,Thompson,tube,18.96,3648,-0.3657,1.9,1.9,696,3.5
1865,Richenderfer,plate,1.01,2000,-0.0434,15.0,120.0,10,11.5
5,Inasaka,tube,0.64,4700,-0.0849,3.0,3.0,100,11.0
1004,Thompson,tube,13.79,1465,-0.2834,7.7,7.7,457,5.0
1612,Janssen,annulus,6.92,2292,0.0197,12.7,42.3,1778,4.0
264,Thompson,tube,6.89,7554,-0.0416,10.3,10.3,762,5.9
1469,Beus,annulus,15.51,2733,-0.0517,5.6,15.2,2134,2.2
1708,Janssen,annulus,6.87,2306,0.0496,4.6,11.3,1778,2.8
444,Thompson,tube,6.89,1383,-0.0865,23.6,23.6,610,4.8
1003,Thompson,tube,13.79,1410,-0.0568,7.7,7.7,457,3.2
1078,Thompson,tube,13.79,1492,0.1146,7.8,7.8,591,2.1
838,Thompson,tube,13.79,3452,-0.0595,4.7,4.7,305,4.7
1672,Janssen,annulus,6.92,382,0.0768,22.2,96.3,1778,4.2
305,Thompson,tube,6.89,7934,-0.0635,10.3,10.3,794,8.0
1366,Weatherhead,tube,13.79,681,-0.0103,11.1,11.1,457,2.8
1457,Beus,annulus,11.03,1358,0.1891,5.6,15.2,2134,1.0
314,Thompson,tube,6.86,3784,-0.0478,10.8,10.8,216,5.5
150,Thompson,tube,6.93,2401,0.1356,4.6,4.6,229,4.8
1149,Thompson,tube,15.51,3689,-0.1182,1.9,1.9,696,3.5
1214,Thompson,tube,18.96,1980,-0.1515,1.9,1.9,696,2.1
575,Thompson,tube,11.14,2034,-0.0254,9.3,9.3,762,4.1
51,Thompson,tube,4.03,2631,0.1312,4.6,4.6,229,6.5
1788,Janssen,annulus,6.85,3052,0.0176,8.5,24.6,1778,4.2
727,Thompson,tube,12.41,542,0.1959,19.8,19.8,610,1.8
834,Thompson,tube,13.79,2798,-0.0277,4.7,4.7,305,4.3
1378,Weatherhead,tube,13.79,673,-0.0514,11.1,11.1,457,2.5
1116,Thompson,tube,13.79,2916,0.0804,7.8,7.8,591,2.3
1167,Thompson,tube,17.24,2889,-0.1977,1.9,1.9,152,6.0
471,Thompson,tube,6.89,1912,0.195,23.6,23.6,1972,2.1
972,Thompson,tube,13.79,929,0.1693,7.7,7.7,457,1.8
654,Thompson,tube,11.1,3391,0.0585,11.5,11.5,914,2.5
400,Thompson,tube,6.89,1926,0.0803,12.8,12.8,1930,3.4
512,Thompson,tube,6.89,1343,0.099,37.5,37.5,1953,2.6
321,Thompson,tube,6.79,1763,0.1959,10.8,10.8,432,3.6
20,Peskov,tube,16.0,1000,0.1228,10.0,10.0,565,1.1
685,Thompson,tube,11.1,2712,0.0997,11.5,11.5,1524,2.2
36,Thompson,tube,0.1,5642,0.0344,1.0,1.0,38,14.7
903,Thompson,tube,13.79,4774,-0.1989,4.7,4.7,318,6.4
828,Thompson,tube,13.79,2760,-0.034,4.7,4.7,305,4.2
1677,Janssen,annulus,6.92,3092,0.057,8.5,24.6,1778,3.4
408,Thompson,tube,6.89,2740,0.1628,12.8,12.8,1930,2.4
921,Thompson,tube,13.79,6022,-0.0379,4.7,4.7,318,5.5
538,Thompson,tube,6.89,5425,-0.1536,37.5,37.5,1953,6.7
759,Thompson,tube,13.79,3920,-0.0571,1.9,1.9,696,3.7
1063,Thompson,tube,13.79,1193,-0.0298,7.8,7.8,591,2.6
1200,Thompson,tube,18.96,2061,-0.1554,1.9,1.9,152,3.4
246,Thompson,tube,6.89,5778,-0.0251,10.3,10.3,762,5.0
1417,Williams,tube,13.79,2772,0.0863,9.5,9.5,1836,1.9
1128,Thompson,tube,15.51,2306,-0.0556,1.9,1.9,152,4.4
785,Thompson,tube,13.79,3486,0.073,4.6,4.6,295,3.1
1628,Janssen,annulus,4.13,746,0.1467,12.7,42.3,1778,3.7
490,Thompson,tube,6.89,3716,0.0802,23.6,23.6,1972,1.9
155,Thompson,tube,7.0,2590,0.0709,4.6,4.6,229,5.7
962,Thompson,tube,13.79,693,0.0145,7.7,7.7,457,2.7
854,Thompson,tube,13.79,1078,-0.0083,4.7,4.7,318,2.2
1312,Weatherhead,tube,13.79,671,0.1476,7.7,7.7,457,2.2
626,Thompson,tube,10.34,5913,-0.0987,10.3,10.3,762,6.5
686,Thompson,tube,10.93,2712,0.1455,11.5,11.5,1524,1.7
1461,Beus,annulus,15.51,3669,0.0707,5.6,15.2,2134,1.8
570,Thompson,tube,11.0,2034,0.141,9.3,9.3,762,2.1
1777,Janssen,annulus,6.89,827,0.0668,12.7,38.1,737,3.9
18,Peskov,tube,16.0,3861,-0.0514,10.0,10.0,660,3.1
128,Thompson,tube,3.96,3974,0.1272,10.8,10.8,864,3.8
1347,Weatherhead,tube,13.79,1345,-0.0715,11.1,11.1,457,2.6
1280,Weatherhead,tube,13.79,1465,-0.2834,7.7,7.7,457,5.0
1834,Richenderfer,plate,0.1,1500,-0.0187,15.0,120.0,10,4.9
928,Thompson,tube,13.79,6985,-0.3263,4.7,4.7,318,10.8
981,Thompson,tube,13.79,1302,0.0249,7.7,7.7,457,2.7
1830,Richenderfer,plate,0.1,1000,-0.0093,15.0,120.0,10,3.5
191,Thompson,tube,6.89,4055,0.0511,5.6,5.6,432,5.2
1140,Thompson,tube,15.51,3675,-0.0127,1.9,1.9,152,5.1
993,Thompson,tube,13.79,1356,0.0852,7.7,7.7,457,1.8
1821,Kossolapov,plate,0.1,310,-0.0929,15.0,120.0,10,7.5
1551,Janssen,annulus,6.96,1533,0.1482,8.5,22.3,1829,2.9
607,Thompson,tube,10.34,4815,-0.1248,10.3,10.3,762,6.6
181,Thompson,tube,6.89,4150,-0.0668,5.6,5.6,216,7.2
302,Thompson,tube,6.89,7785,-0.0569,10.3,10.3,794,8.1
497,Thompson,tube,6.89,5411,-0.0306,23.6,23.6,1972,3.9
1587,Janssen,annulus,6.89,2292,0.0423,12.7,42.3,2743,3.7
1600,Janssen,annulus,6.89,1519,0.0752,12.7,42.3,1778,3.6
1556,Janssen,annulus,6.89,1519,0.1356,8.5,22.3,1829,3.0
1533,Janssen,annulus,6.91,1533,0.2085,8.5,22.3,2743,2.6
518,Thompson,tube,6.89,1885,0.0585,37.5,37.5,1953,2.5
1850,Richenderfer,plate,0.51,1000,-0.0407,15.0,120.0,10,7.2
1070,Thompson,tube,13.79,1351,0.0165,7.8,7.8,591,2.6
477,Thompson,tube,6.89,1926,0.0934,23.6,23.6,1972,2.2
158,Thompson,tube,6.76,2821,-0.0711,4.6,4.6,229,8.0
1244,Weatherhead,tube,13.79,2034,-0.1488,7.7,7.7,457,4.5
1196,Thompson,tube,18.96,2034,-0.2493,1.9,1.9,152,4.2
17,Peskov,tube,14.0,2200,0.1344,10.0,10.0,893,1.1
1073,Thompson,tube,13.79,1383,0.0372,7.8,7.8,591,2.2
1837,Richenderfer,plate,0.1,2000,-0.0187,15.0,120.0,10,5.2
547,Thompson,tube,8.89,4069,0.115,11.5,11.5,1524,1.8
659,Thompson,tube,11.0,3391,0.0849,11.5,11.5,914,2.1
1633,Janssen,annulus,5.58,1505,0.0622,12.7,42.3,1778,4.4
1020,Thompson,tube,13.79,1682,0.0145,7.7,7.7,457,2.6
1557,Janssen,annulus,6.89,2346,0.1549,8.5,22.3,1829,2.0
960,Thompson,tube,13.79,678,0.1698,7.7,7.7,457,1.8
1754,Janssen,annulus,6.89,5533,0.0344,12.7,38.1,914,3.4
284,Thompson,tube,6.89,5859,-0.02,10.3,10.3,794,5.1
798,Thompson,tube,13.79,4069,0.0903,4.6,4.6,295,2.6
1522,Janssen,annulus,6.9,1668,-0.0867,8.5,22.3,2591,1.9
226,Thompson,tube,6.89,3825,0.0051,10.3,10.3,762,3.9
27,Thompson,tube,0.1,1352,0.0523,1.0,1.0,25,5.9
1653,Janssen,annulus,9.71,2292,0.0509,12.7,42.3,1778,3.2
438,Thompson,tube,6.89,959,-0.0123,23.6,23.6,610,4.3
1814,Mortimore,annulus,8.27,1249,0.1869,5.0,13.3,2134,1.4
1389,Williams,tube,5.52,4008,0.1512,9.5,9.5,1836,2.9
230,Thompson,tube,6.89,3960,-0.0322,10.3,10.3,762,4.8
38,Thompson,tube,0.1,1790,0.1417,1.0,1.0,51,5.6
750,Thompson,tube,13.79,3906,-0.0254,1.9,1.9,152,4.9
1046,Thompson,tube,13.79,2672,-0.0375,7.7,7.7,457,3.6
1399,Williams,tube,11.03,2723,0.149,9.5,9.5,1836,1.3
470,Thompson,tube,6.89,1912,0.0958,23.6,23.6,1972,2.5
1584,Janssen,annulus,6.89,2292,0.0847,12.7,42.3,2743,2.8
1833,Richenderfer,plate,0.1,1500,-0.0093,15.0,120.0,10,3.7
688,Thompson,tube,11.0,4069,0.0598,11.5,11.5,1524,2.4
1719,Janssen,annulus,6.89,2767,-0.0342,12.7,38.1,914,4.3
640,Thompson,tube,10.34,7880,-0.1179,10.3,10.3,762,8.0
1603,Janssen,annulus,6.89,1519,0.0479,12.7,42.3,1778,4.1
1219,Thompson,tube,18.96,3472,-0.246,1.9,1.9,696,3.5
1159,Thompson,tube,17.24,2197,-0.071,1.9,1.9,152,3.8
1416,Williams,tube,13.79,2721,0.0714,9.5,9.5,1836,1.8
1550,Janssen,annulus,6.92,1533,0.1762,8.5,22.3,1829,2.3
1301,Weatherhead,tube,13.79,926,0.0808,7.7,7.7,457,2.3
1701,Janssen,annulus,6.86,3052,0.0318,4.6,11.3,1778,2.7
801,Thompson,tube,13.79,4096,0.0672,4.6,4.6,295,3.0
161,Thompson,tube,6.89,3201,0.1129,4.7,4.7,318,6.2
957,Thompson,tube,13.79,666,0.0324,7.7,7.7,457,3.1
1187,Thompson,tube,18.27,833,-0.1124,3.0,3.0,150,1.3
822,Thompson,tube,13.79,2075,-0.1297,4.7,4.7,305,4.2
1574,Janssen,annulus,6.89,1519,0.123,12.7,42.3,2743,2.9
878,Thompson,tube,13.79,2862,0.0854,4.7,4.7,318,3.2
914,Thompson,tube,13.79,5384,0.0587,4.7,4.7,318,3.8
153,Thompson,tube,7.07,2509,0.1085,4.6,4.6,229,5.0
1713,Janssen,annulus,6.75,2780,-0.0021,12.7,38.1,737,3.5
1659,Janssen,annulus,6.89,3052,-0.0097,8.5,24.6,1778,4.6
510,Thompson,tube,6.89,1316,0.1501,37.5,37.5,1953,2.4
1136,Thompson,tube,15.51,2997,-0.0415,1.9,1.9,152,5.5
1251,Weatherhead,tube,13.79,2007,0.1275,7.7,7.7,457,1.5
1558,Janssen,annulus,6.89,1533,0.2057,8.5,22.3,1829,1.9
104,Thompson,tube,3.45,7554,0.0601,10.3,10.3,762,4.7
1446,Beus,annulus,15.51,1355,0.1439,5.6,15.2,2134,1.2
1444,Beus,annulus,15.51,3682,0.0253,5.6,15.2,2134,2.5
587,Thompson,tube,11.07,4069,0.0613,9.3,9.3,1524,3.2
1651,Janssen,annulus,9.68,2292,0.004,12.7,42.3,1778,3.5
1144,Thompson,tube,15.51,2197,-0.1169,1.9,1.9,696,2.1
54,Thompson,tube,3.9,2726,0.1682,4.6,4.6,229,6.8
152,Thompson,tube,7.14,2495,0.1261,4.6,4.6,229,4.6
404,Thompson,tube,6.89,2699,-0.0008,12.8,12.8,1930,3.8
1809,Mortimore,annulus,11.03,1370,0.1031,5.0,13.3,2134,1.5
208,Thompson,tube,6.89,2482,0.1005,8.0,8.0,610,4.7
1766,Janssen,annulus,6.96,553,0.1005,12.7,38.1,737,3.3
1123,Thompson,tube,15.51,2061,-0.0252,1.9,1.9,152,3.2
1635,Janssen,annulus,5.51,1519,0.1487,12.7,42.3,1778,2.7
9,Peskov,tube,10.0,4750,-0.0297,10.0,10.0,660,4.0
1015,Thompson,tube,13.79,1668,-0.1272,7.7,7.7,457,4.1
1676,Janssen,annulus,6.92,3065,0.0892,8.5,24.6,1778,3.0
1061,Thompson,tube,13.79,1046,0.0985,7.8,7.8,591,2.3
453,Thompson,tube,6.89,2712,-0.0815,23.6,23.6,610,4.3
254,Thompson,tube,6.89,6049,-0.0591,10.3,10.3,762,6.5
1328,Weatherhead,tube,13.79,1994,-0.0443,11.1,11.1,457,2.8
897,Thompson,tube,13.79,3906,0.0885,4.7,4.7,318,3.3
1621,Janssen,annulus,4.13,1519,0.0694,12.7,42.3,1778,4.1
881,Thompson,tube,13.79,3255,-0.0863,4.7,4.7,318,4.1
1760,Janssen,annulus,9.65,5547,-0.0037,12.7,38.1,914,3.5
624,Thompson,tube,10.34,5832,-0.0992,10.3,10.3,762,6.4
346,Thompson,tube,6.86,4069,-0.024,10.8,10.8,864,5.2
1594,Janssen,annulus,6.92,1162,0.1498,12.7,42.3,2743,2.5
263,Thompson,tube,6.89,7554,-0.0416,10.3,10.3,762,5.9
1322,Weatherhead,tube,13.79,1994,0.0101,11.1,11.1,457,2.3
1439,Williams,tube,15.17,3998,0.1464,9.5,9.5,1836,1.8
151,Thompson,tube,7.03,2441,0.1857,4.6,4.6,229,5.1
473,Thompson,tube,6.89,1912,-0.0428,23.6,23.6,1972,3.5
641,Thompson,tube,10.34,7880,-0.1179,10.3,10.3,762,8.0
1848,Richenderfer,plate,0.51,1000,-0.0102,15.0,120.0,10,6.0
1755,Janssen,annulus,6.91,5533,0.0063,12.7,38.1,914,3.8
551,Thompson,tube,8.96,4069,0.0886,11.5,11.5,1524,2.1
929,Thompson,tube,13.79,7012,-0.3338,4.7,4.7,318,10.7
489,Thompson,tube,6.89,3580,0.0811,23.6,23.6,1972,2.0
1691,Janssen,annulus,6.92,1533,0.1784,8.5,24.6,1778,2.3
1172,Thompson,tube,17.24,3621,-0.022,1.9,1.9,152,5.1
147,Thompson,tube,7.28,1383,0.1523,4.6,4.6,229,5.8
1596,Janssen,annulus,6.89,1161,0.1396,12.7,42.3,2743,3.4
1796,Janssen,annulus,6.92,1533,0.1161,8.5,24.6,1778,2.6
403,Thompson,tube,6.89,2699,0.1915,12.8,12.8,1930,2.1
955,Thompson,tube,13.79,5357,-0.424,5.7,5.7,625,9.3
1750,Janssen,annulus,9.65,5601,-0.0593,6.4,15.9,914,3.7
660,Thompson,tube,11.03,4069,0.0436,11.5,11.5,914,2.8
1373,Weatherhead,tube,13.79,690,-0.3487,11.1,11.1,457,3.8
464,Thompson,tube,6.89,7473,-0.065,23.6,23.6,610,6.3
1350,Weatherhead,tube,13.79,1344,0.0976,11.1,11.1,457,1.6
187,Thompson,tube,7.0,3580,0.1714,5.6,5.6,432,3.6
1148,Thompson,tube,15.51,3174,-0.0878,1.9,1.9,696,3.1
1225,Thompson,tube,8.27,1492,-0.0918,3.6,3.6,76,3.2
609,Thompson,tube,10.34,4828,-0.1162,10.3,10.3,762,6.8
144,Thompson,tube,6.89,6157,-0.1146,3.6,3.6,76,13.3
752,Thompson,tube,13.79,2265,-0.0779,1.9,1.9,696,2.1
1535,Janssen,annulus,6.85,1533,0.1579,8.5,22.3,2743,2.9
982,Thompson,tube,13.79,1318,0.0884,7.7,7.7,457,2.3
198,Thompson,tube,6.89,4069,0.099,5.6,5.6,432,4.1
884,Thompson,tube,13.79,3404,-0.1709,4.7,4.7,318,5.8
280,Thompson,tube,6.89,5371,-0.0413,10.3,10.3,794,6.0
294,Thompson,tube,6.89,6795,-0.059,10.3,10.3,794,7.0
1702,Janssen,annulus,6.89,3079,0.0088,4.6,11.3,1778,3.3
401,Thompson,tube,6.89,1967,0.1203,12.8,12.8,1930,2.8
123,Thompson,tube,3.9,4136,0.0887,10.8,10.8,432,5.2
1208,Thompson,tube,18.96,2767,-0.2874,1.9,1.9,152,4.5
203,Thompson,tube,7.03,3852,0.1856,5.6,5.6,864,2.9
1463,Beus,annulus,15.51,1356,0.1622,5.6,15.2,2134,0.9
836,Thompson,tube,13.79,2835,-0.0424,4.7,4.7,305,4.3
247,Thompson,tube,6.89,5818,-0.0229,10.3,10.3,762,5.1
1440,Beus,annulus,15.51,3673,0.0856,5.6,15.2,2134,1.9
1772,Janssen,annulus,6.92,553,0.1406,12.7,38.1,737,3.1
1753,Janssen,annulus,9.65,5615,-0.1167,6.4,15.9,914,4.7
1154,Thompson,tube,17.24,2007,-0.0627,1.9,1.9,152,3.5
1427,Williams,tube,15.17,1335,-0.0053,9.5,9.5,1836,2.1
385,Thompson,tube,7.0,4069,0.1441,11.5,11.5,2007,2.3
1642,Janssen,annulus,8.27,1519,0.0235,12.7,42.3,1778,4.1
855,Thompson,tube,13.79,1085,-0.112,4.7,4.7,318,2.4
1590,Janssen,annulus,6.89,2292,0.0866,12.7,42.3,2743,2.8
220,Thompson,tube,6.89,3635,0.0503,10.3,10.3,762,3.1
642,Thompson,tube,10.34,7880,-0.1208,10.3,10.3,762,7.9
2,Inasaka,tube,0.31,6700,-0.0596,3.0,3.0,100,10.6
113,Thompson,tube,3.9,2034,0.1383,10.8,10.8,432,5.5
699,Thompson,tube,12.07,2509,-0.0444,1.9,1.9,152,5.1
1783,Janssen,annulus,6.89,815,-0.0943,12.7,38.1,737,5.8
952,Thompson,tube,13.79,5289,-0.3491,5.7,5.7,625,7.9
1634,Janssen,annulus,5.58,1519,0.0382,12.7,42.3,1778,4.7
1411,Williams,tube,13.79,2725,0.0177,9.5,9.5,1836,2.5
1410,Williams,tube,13.79,2666,0.0322,9.5,9.5,1836,2.5
1534,Janssen,annulus,6.92,1519,0.1616,8.5,22.3,2743,2.6
1292,Weatherhead,tube,13.79,1356,-0.1965,7.7,7.7,457,4.1
1847,Richenderfer,plate,0.2,2000,-0.0385,15.0,120.0,10,7.2
442,Thompson,tube,6.89,1356,0.1136,23.6,23.6,610,3.2
1521,Janssen,annulus,7.08,1250,0.1857,8.5,22.3,2591,2.1
1137,Thompson,tube,15.51,3024,-0.1174,1.9,1.9,152,6.6
1257,Weatherhead,tube,13.79,1695,-0.0222,7.7,7.7,457,3.1
1738,Janssen,annulus,6.9,2807,0.0291,6.4,15.9,914,3.6
1632,Janssen,annulus,5.54,1519,0.0886,12.7,42.3,1778,4.0
1398,Williams,tube,11.03,4054,0.0595,9.5,9.5,1836,2.1
664,Thompson,tube,11.03,2021,0.1197,11.5,11.5,1143,2.3
1712,Janssen,annulus,6.92,2767,0.0208,12.7,38.1,737,3.6
1258,Weatherhead,tube,13.79,1682,0.0145,7.7,7.7,457,2.6
1656,Janssen,annulus,9.68,2292,0.0297,12.7,42.3,1778,3.5
318,Thompson,tube,7.03,1031,0.1575,10.8,10.8,432,3.9
649,Thompson,tube,11.0,2034,0.0577,11.5,11.5,914,2.9
1435,Williams,tube,15.17,2685,0.1093,9.5,9.5,1836,1.6
1480,Beus,annulus,13.79,2729,0.0537,5.6,15.2,2134,1.7
710,Thompson,tube,12.07,3296,-0.0191,1.9,1.9,152,4.0
1383,Weatherhead,tube,13.79,340,0.1629,11.1,11.1,457,2.4
1283,Weatherhead,tube,13.79,1370,0.0111,7.7,7.7,457,2.7
973,Thompson,tube,13.79,932,-0.0071,7.7,7.7,457,2.7
628,Thompson,tube,10.34,5967,-0.1428,10.3,10.3,762,7.7
633,Thompson,tube,10.34,6049,-0.0931,10.3,10.3,762,6.8
1307,Weatherhead,tube,13.79,925,0.0747,7.7,7.7,457,2.2
1401,Williams,tube,11.03,4071,0.097,9.5,9.5,1836,1.6
1409,Williams,tube,13.79,2042,0.0621,9.5,9.5,1836,2.0
1249,Weatherhead,tube,13.79,1980,0.07,7.7,7.7,457,2.3
1818,Kossolapov,plate,0.1,0,-0.1392,15.0,120.0,10,8.1
1255,Weatherhead,tube,13.79,1655,-0.1381,7.7,7.7,457,4.1
1497,Beus,annulus,11.03,3665,0.0259,5.6,15.2,2134,2.3
1372,Weatherhead,tube,13.79,690,-0.4854,11.1,11.1,457,3.6
1530,Janssen,annulus,6.86,1533,0.2138,8.5,22.3,2743,1.9
1355,Weatherhead,tube,13.79,1356,-0.17,11.1,11.1,457,3.2
1793,Janssen,annulus,6.89,2306,0.1504,8.5,24.6,1778,2.5
1771,Janssen,annulus,6.9,549,0.172,12.7,38.1,737,2.7
1644,Janssen,annulus,8.3,1519,0.0245,12.7,42.3,1778,4.0
1724,Janssen,annulus,6.85,2319,0.0412,12.7,38.1,914,3.4
796,Thompson,tube,13.79,3987,0.0734,4.6,4.6,295,2.7
646,Thompson,tube,10.34,7920,-0.1981,10.3,10.3,762,8.3
1013,Thompson,tube,13.79,1668,-0.2322,7.7,7.7,457,5.2
1715,Janssen,annulus,6.89,2780,0.0364,12.7,38.1,914,3.3
557,Thompson,tube,10.38,1343,0.1134,4.6,4.6,229,5.1
682,Thompson,tube,10.96,2672,0.0878,11.5,11.5,1524,2.7
578,Thompson,tube,11.03,4069,0.0554,9.3,9.3,762,2.9
1110,Thompson,tube,13.79,2455,0.0351,7.8,7.8,591,2.5
1267,Weatherhead,tube,13.79,1682,0.0145,7.7,7.7,457,2.6
1184,Thompson,tube,18.27,2902,-0.0137,3.0,3.0,35,2.4
525,Thompson,tube,6.89,2658,-0.1918,37.5,37.5,1953,4.9
1060,Thompson,tube,13.79,1038,0.1139,7.8,7.8,591,2.1
541,Thompson,tube,6.89,5493,-0.109,37.5,37.5,1953,5.9
1195,Thompson,tube,18.96,1885,-0.1349,1.9,1.9,152,3.1
1679,Janssen,annulus,6.87,3038,0.0035,8.5,24.6,1778,4.1
749,Thompson,tube,13.79,3852,-0.0148,1.9,1.9,152,4.9
1727,Janssen,annulus,6.89,2319,-0.0202,12.7,38.1,914,4.4
1431,Williams,tube,15.17,2691,0.0526,9.5,9.5,1836,1.9
485,Thompson,tube,6.89,2726,0.1144,23.6,23.6,1972,2.0
96,Thompson,tube,3.45,4001,0.1402,10.3,10.3,762,4.4
1021,Thompson,tube,13.79,1682,0.0593,7.7,7.7,457,2.3
564,Thompson,tube,10.57,2563,-0.0655,4.6,4.6,229,5.0
1265,Weatherhead,tube,13.79,1668,-0.077,7.7,7.7,457,3.6
743,Thompson,tube,13.79,3119,-0.0331,1.9,1.9,152,5.7
864,Thompson,tube,13.79,1709,0.0833,4.7,4.7,318,2.8
1599,Janssen,annulus,6.89,1519,0.1088,12.7,42.3,1778,3.3
1485,Beus,annulus,13.79,1351,0.1385,5.6,15.2,2134,1.4
892,Thompson,tube,13.79,3648,-0.3246,4.7,4.7,318,8.2
1578,Janssen,annulus,6.89,1519,0.081,12.7,42.3,2743,3.7
1039,Thompson,tube,13.79,2618,-0.1023,7.7,7.7,457,4.5
207,Thompson,tube,6.89,2414,0.1092,8.0,8.0,610,4.4
393,Thompson,tube,6.89,2577,0.034,12.4,12.4,610,4.3
795,Thompson,tube,13.79,3987,0.1198,4.6,4.6,295,2.2
871,Thompson,tube,13.79,2048,-0.3209,4.7,4.7,318,6.4
398,Thompson,tube,6.89,1899,0.0841,12.8,12.8,1930,3.1
767,Thompson,tube,13.79,5181,-0.4061,3.6,3.6,76,13.0
1717,Janssen,annulus,6.89,2767,0.0022,12.7,38.1,914,3.8
1242,Weatherhead,tube,13.79,2658,0.0886,7.7,7.7,457,1.8
1029,Thompson,tube,13.79,2007,0.1275,7.7,7.7,457,1.5
643,Thompson,tube,10.34,7893,-0.1684,10.3,10.3,762,9.3
1763,Janssen,annulus,9.72,5520,-0.0512,12.7,38.1,914,4.5
613,Thompson,tube,10.34,4842,-0.1171,10.3,10.3,762,6.8
961,Thompson,tube,13.79,689,-0.1377,7.7,7.7,457,3.2
1571,Janssen,annulus,6.89,1519,0.1671,12.7,42.3,2743,1.9
726,Thompson,tube,12.41,542,0.1959,19.8,19.8,610,1.8
684,Thompson,tube,11.03,2712,0.1018,11.5,11.5,1524,2.2
99,Thompson,tube,3.45,5737,0.0874,10.3,10.3,762,4.5
805,Thompson,tube,13.79,4204,0.0514,4.6,4.6,295,3.2
1598,Janssen,annulus,6.89,1519,0.1309,12.7,42.3,1778,2.9
407,Thompson,tube,6.89,2712,0.1092,12.8,12.8,1930,2.5
503,Thompson,tube,6.89,7514,-0.0457,23.6,23.6,1972,4.9
1072,Thompson,tube,13.79,1383,-0.0137,7.8,7.8,591,2.5
1057,Thompson,tube,13.79,933,0.08,7.8,7.8,591,2.3
930,Thompson,tube,13.79,7025,-0.0168,4.7,4.7,318,4.9
780,Thompson,tube,13.79,3445,0.0922,4.6,4.6,295,2.7
201,Thompson,tube,6.86,4123,0.0332,5.6,5.6,432,5.5
135,Thompson,tube,5.03,5059,0.0623,4.6,4.6,295,5.6
1052,Thompson,tube,13.79,732,0.0894,7.8,7.8,591,2.3
41,Thompson,tube,0.1,5588,0.0547,1.0,1.0,51,12.1
1018,Thompson,tube,13.79,1682,0.0484,7.7,7.7,457,2.3
231,Thompson,tube,6.89,3987,-0.0289,10.3,10.3,762,4.9
1514,Beus,annulus,5.52,2741,0.1119,5.6,15.2,2134,2.4
379,Thompson,tube,6.83,4069,0.1891,11.5,11.5,1727,2.2
289,Thompson,tube,6.89,6347,-0.024,10.3,10.3,794,5.4
419,Thompson,tube,6.89,5398,-0.0166,12.8,12.8,1930,4.2
1699,Janssen,annulus,6.89,3038,0.0893,4.6,11.3,1778,2.2
392,Thompson,tube,6.89,2360,0.0786,12.4,12.4,610,3.8
593,Thompson,tube,10.34,3906,-0.0633,10.3,10.3,762,4.9
1523,Janssen,annulus,7.05,1546,0.1745,8.5,22.3,2591,1.7
1163,Thompson,tube,17.24,2821,-0.0156,1.9,1.9,152,4.1
1087,Thompson,tube,13.79,1736,0.1166,7.8,7.8,591,2.1
1496,Beus,annulus,11.03,1355,0.1847,5.6,15.2,2134,1.0
648,Thompson,tube,11.03,2034,0.1184,11.5,11.5,914,2.0
1153,Thompson,tube,17.24,1953,-0.0235,1.9,1.9,152,3.1
1368,Weatherhead,tube,13.79,686,0.0088,11.1,11.1,457,2.2
521,Thompson,tube,6.89,1912,0.118,37.5,37.5,1953,2.3
65,Thompson,tube,3.86,4136,0.1294,5.6,5.6,432,5.5
15,Peskov,tube,14.0,2217,-0.0472,10.0,10.0,520,2.9
1181,Thompson,tube,17.24,3662,-0.1141,1.9,1.9,696,3.7
1065,Thompson,tube,13.79,1246,0.1394,7.8,7.8,591,1.9
493,Thompson,tube,6.89,3811,-0.0101,23.6,23.6,1972,3.1
380,Thompson,tube,6.96,4069,0.1584,11.5,11.5,1727,2.3
188,Thompson,tube,6.86,3635,0.1447,5.6,5.6,432,3.7
764,Thompson,tube,13.79,2428,-0.0455,3.6,3.6,76,3.8
217,Thompson,tube,6.93,4069,0.0944,9.3,9.3,1727,2.8
792,Thompson,tube,13.79,3716,0.0885,4.6,4.6,295,2.5
1077,Thompson,tube,13.79,1492,0.009,7.8,7.8,591,2.5
879,Thompson,tube,13.79,3038,0.0196,4.7,4.7,318,4.3
338,Thompson,tube,6.93,3458,0.0763,10.8,10.8,864,2.9
720,Thompson,tube,12.07,3472,-0.0719,1.9,1.9,696,3.1
1749,Janssen,annulus,9.68,5601,-0.0249,6.4,15.9,914,3.4
296,Thompson,tube,6.89,6971,-0.0585,10.3,10.3,794,7.2
1726,Janssen,annulus,6.89,2319,-0.008,12.7,38.1,914,4.2
1017,Thompson,tube,13.79,1682,0.0145,7.7,7.7,457,2.6
1276,Weatherhead,tube,13.79,1302,0.0249,7.7,7.7,457,2.7
1751,Janssen,annulus,9.65,5615,-0.0801,6.4,15.9,914,4.1
1486,Beus,annulus,13.79,2726,-0.1197,5.6,15.2,2134,2.7
456,Thompson,tube,6.89,3797,-0.0434,23.6,23.6,610,4.1
1862,Richenderfer,plate,1.01,1500,-0.0434,15.0,120.0,10,10.4
816,Thompson,tube,13.79,1397,0.0674,4.7,4.7,305,2.7
270,Thompson,tube,6.89,4218,-0.0225,10.3,10.3,794,5.1
996,Thompson,tube,13.79,1370,-0.2599,7.7,7.7,457,4.5
202,Thompson,tube,6.96,4123,0.0302,5.6,5.6,432,5.5
162,Thompson,tube,6.89,3282,0.1401,4.7,4.7,318,4.9
1580,Janssen,annulus,6.89,1519,0.1205,12.7,42.3,2743,2.7
730,Thompson,tube,12.45,542,0.1748,19.8,19.8,610,2.1
402,Thompson,tube,6.89,1980,0.1517,12.8,12.8,1930,2.7
703,Thompson,tube,12.07,2590,-0.0536,1.9,1.9,152,4.0
1501,Beus,annulus,11.03,2693,-0.027,5.6,15.2,2134,2.6
1130,Thompson,tube,15.51,2319,-0.0545,1.9,1.9,152,3.9
566,Thompson,tube,11.03,2034,0.0428,9.3,9.3,305,3.5
1414,Williams,tube,13.79,4684,-0.0124,9.5,9.5,1836,4.1
1022,Thompson,tube,13.79,1695,-0.0222,7.7,7.7,457,3.1
1026,Thompson,tube,13.79,1994,-0.2387,7.7,7.7,457,5.1
1412,Williams,tube,13.79,3404,0.015,9.5,9.5,1836,3.1
1586,Janssen,annulus,6.89,2292,0.0611,12.7,42.3,2743,3.5
1105,Thompson,tube,13.79,2319,0.1295,7.8,7.8,591,1.9
206,Thompson,tube,6.89,1682,0.0029,8.0,8.0,610,5.0
35,Thompson,tube,0.1,3757,0.0328,1.0,1.0,38,9.7
776,Thompson,tube,13.79,3404,0.0625,4.6,4.6,295,2.2
509,Thompson,tube,6.89,949,0.1746,37.5,37.5,1953,2.5
1452,Beus,annulus,13.79,3662,0.0124,5.6,15.2,2134,2.9
1479,Beus,annulus,13.79,3721,0.0238,5.6,15.2,2134,2.1
1836,Richenderfer,plate,0.1,2000,-0.0093,15.0,120.0,10,4.3
1391,Williams,tube,8.27,4096,0.0482,9.5,9.5,1836,2.8
92,Thompson,tube,3.45,3947,0.0867,10.3,10.3,762,4.6
1364,Weatherhead,tube,13.79,673,-0.0544,11.1,11.1,457,3.2
898,Thompson,tube,13.79,3974,0.0723,4.7,4.7,318,3.1
565,Thompson,tube,10.51,2631,-0.0881,4.6,4.6,229,6.2
1370,Weatherhead,tube,13.79,696,0.162,11.1,11.1,457,1.6
777,Thompson,tube,13.79,3404,0.0787,4.6,4.6,295,1.7
242,Thompson,tube,6.89,5696,-0.0261,10.3,10.3,762,4.9
14,Peskov,tube,12.0,2439,0.1103,10.0,10.0,1650,1.4
316,Thompson,tube,6.79,4014,-0.135,10.8,10.8,216,7.7
601,Thompson,tube,10.34,3960,-0.0557,10.3,10.3,762,5.1
388,Thompson,tube,6.89,1546,0.0797,12.4,12.4,610,4.0
1298,Weatherhead,tube,13.79,963,-0.2585,7.7,7.7,457,4.0
167,Thompson,tube,6.89,5045,0.0045,4.7,4.7,318,6.9
841,Thompson,tube,13.79,4109,-0.1961,4.7,4.7,305,7.3
21,Peskov,tube,18.0,5361,-0.068,10.0,10.0,1300,2.8
647,Thompson,tube,11.03,2034,0.1309,11.5,11.5,914,2.1
1509,Beus,annulus,8.27,1355,0.1461,5.6,15.2,2134,1.6
1155,Thompson,tube,17.24,2007,-0.0565,1.9,1.9,152,3.5
1529,Janssen,annulus,6.89,1519,0.139,8.5,22.3,2743,3.2
832,Thompson,tube,13.79,2794,-0.0358,4.7,4.7,305,4.2
1268,Weatherhead,tube,13.79,1682,0.0593,7.7,7.7,457,2.3
1591,Janssen,annulus,6.88,2292,0.1263,12.7,42.3,2743,2.2
563,Thompson,tube,10.51,2563,0.0069,4.6,4.6,229,6.0
1817,Mortimore,annulus,8.27,2731,0.1601,5.0,13.3,2134,1.8
687,Thompson,tube,10.96,2712,0.1455,11.5,11.5,1524,1.7
958,Thompson,tube,13.79,671,0.1476,7.7,7.7,457,2.2
190,Thompson,tube,6.89,3933,0.0773,5.6,5.6,432,4.7
1807,Mortimore,annulus,13.79,3467,0.1184,5.0,13.3,2134,1.4
976,Thompson,tube,13.79,956,-0.1341,7.7,7.7,457,3.2
700,Thompson,tube,12.07,2563,-0.0364,1.9,1.9,152,4.6
1500,Beus,annulus,11.03,3665,-0.0719,5.6,15.2,2134,3.2
1706,Janssen,annulus,6.9,2306,0.067,4.6,11.3,1778,2.4
511,Thompson,tube,6.89,1343,0.0572,37.5,37.5,1953,2.9
1083,Thompson,tube,13.79,1641,0.0134,7.8,7.8,591,2.5
475,Thompson,tube,6.89,1926,0.0414,23.6,23.6,1972,2.6
1585,Janssen,annulus,6.92,2278,0.0632,12.7,42.3,2743,3.1
857,Thompson,tube,13.79,1214,-0.3476,4.7,4.7,318,4.6
748,Thompson,tube,13.79,3635,0.0001,1.9,1.9,152,4.4
253,Thompson,tube,6.89,6049,-0.0591,10.3,10.3,762,6.5
22,Peskov,tube,18.0,2875,-0.1184,10.0,10.0,1650,2.1
1338,Weatherhead,tube,13.79,2021,-0.0428,11.1,11.1,457,2.8
460,Thompson,tube,6.89,5357,-0.0027,23.6,23.6,610,3.4
1185,Thompson,tube,18.27,793,-0.1258,3.0,3.0,150,1.1
277,Thompson,tube,6.89,5221,-0.0386,10.3,10.3,794,5.9
956,Thompson,tube,13.79,658,0.1802,7.7,7.7,457,2.3
1216,Thompson,tube,18.96,2238,-0.12,1.9,1.9,696,2.4
386,Thompson,tube,6.89,1465,0.0609,12.4,12.4,610,4.2
806,Thompson,tube,13.79,4367,0.0157,4.6,4.6,295,3.6
1438,Williams,tube,15.17,2661,0.1601,9.5,9.5,1836,1.2
1516,Beus,annulus,5.52,1337,0.1716,5.6,15.2,2134,1.4
344,Thompson,tube,6.83,3838,0.0049,10.8,10.8,864,4.3
770,Thompson,tube,13.79,7636,-0.2488,3.6,3.6,76,12.7
1333,Weatherhead,tube,13.79,2007,-0.2107,11.1,11.1,457,4.2
1686,Janssen,annulus,6.92,2292,0.0025,8.5,24.6,1778,4.5
131,Thompson,tube,3.9,4055,0.0751,10.8,10.8,864,4.2
1688,Janssen,annulus,6.92,2278,0.1145,8.5,24.6,1778,2.9
872,Thompson,tube,13.79,2482,0.1853,4.7,4.7,318,2.2
1124,Thompson,tube,15.51,2116,-0.0252,1.9,1.9,152,3.7
1397,Williams,tube,11.03,2679,0.1083,9.5,9.5,1836,1.6
88,Thompson,tube,3.45,3879,0.146,10.3,10.3,762,4.4
1483,Beus,annulus,13.79,2721,-0.0185,5.6,15.2,2134,2.0
331,Thompson,tube,6.79,4001,-0.0975,10.8,10.8,432,5.4
1239,Weatherhead,tube,13.79,2658,0.0081,7.7,7.7,457,3.2
467,Thompson,tube,6.89,1356,0.1131,23.6,23.6,1972,2.7
122,Thompson,tube,3.86,4136,0.0902,10.8,10.8,432,5.2
1639,Janssen,annulus,5.51,1519,0.0032,12.7,42.3,1778,5.5
1045,Thompson,tube,13.79,2658,0.0886,7.7,7.7,457,1.8
1725,Janssen,annulus,6.85,2319,0.0085,12.7,38.1,914,3.9
1096,Thompson,tube,13.79,2116,0.0983,7.8,7.8,591,2.1
1131,Thompson,tube,15.51,2319,-0.0417,1.9,1.9,152,4.4
1295,Weatherhead,tube,13.79,1383,0.0552,7.7,7.7,457,2.3
861,Thompson,tube,13.79,1533,0.1863,4.7,4.7,318,3.6
1460,Beus,annulus,8.27,1360,0.1715,5.6,15.2,2134,1.7
1127,Thompson,tube,15.51,2265,-0.0708,1.9,1.9,152,5.0
